NI VB-8012,,,,,
Configuration,,,,,
,Device,,,,,
,,Name,Serial Number,Firmware,,,
,,VB8012-308BB8A,308BB8A,1.1.0f0,,,,,
MIXED SIGNAL OSCILLOSCOPE,,,,,,,,,,,,,,,,,,,,,,,,DIGITAL MULTIMETER,,,,,,DIGITAL I/O,,,,,,,,,,
Configuration,,,,,,,,,,,,,,,,,,,,,,,,Configuration,,,,,,Configuration,,,,,,,,,,
,Analog,,,,,,,,,,,Trigger,,,,,,,,,Acquisition,,,,Analog,,,,,,Digital,,,,,,,,,,
,,Name,Alias,Channel Coupling,Bandwidth Limit,Input Impedance,Probe Attenuation,Volts Per Division,Vertical Offset (V),ΔT (ns),,,Type,Delay (s),Reason,Edge,Source,Level (V),Hysteresis,,,Mode,,,,Name,Measurement Mode,Null Offset,,,,Name,Direction,,,,,,,,,
,,1,1,AC,Full Bandwidth,1 MΩ,1X,500 mV/,0.708447,10000.0000,,,Edge,0.0000,Triggered,Rising,1,000,Minimum,,,Sample,,,,DMM,Continuity,Off,,,,0,Input,,,,,,,,,,,
,,2,2,AC,Full Bandwidth,1 MΩ,1X,5 V/,-6.539510,10000.0000,,,,,,,,,,,,,,,,,,,,,,1,Input,,,,,,,,,,,
,,,,,,,,,,,,,,,,,,,,,,,,,,,,,,,,2,Input,,,,,,,,,,,
,,,,,,,,,,,,,,,,,,,,,,,,,,,,,,,,3,Input,,,,,,,,,,,
,,,,,,,,,,,,,,,,,,,,,,,,,,,,,,,,4,Input,,,,,,,,,,,
,,,,,,,,,,,,,,,,,,,,,,,,,,,,,,,,5,Input,,,,,,,,,,,
,,,,,,,,,,,,,,,,,,,,,,,,,,,,,,,,6,Input,,,,,,,,,,,
,,,,,,,,,,,,,,,,,,,,,,,,,,,,,,,,7,Input,,,,,,,,,,,
MIXED SIGNAL OSCILLOSCOPE,,,,,,,,,,,,,,,,,,,,,,,,DIGITAL MULTIMETER,,,,,,DIGITAL I/O,,,,,,,,,,
Data,,,,,,,,,,,,,,,,,,,,,,,,Data,,,,,,Data,,,,,,,,,,
,Analog,,,,,,,,,,,,,,,,,,,,,,,,Analog,,,,,,Digital,,,,,,,,,,
,,Timestamps (ns),1,2,,,,,,,,,,,,,,,,,,,,,,DMM,,,,,,0,1,2,3,4,5,6,7,,,
,,-1480000,-0.0170888417936556,0.11975645036499,,,,,,,,,,,,,,,,,,,,,,0,,,,,,0,0,0,0,0,0,0,0,,,
,,-1470000,-0.0170888417936556,-0.0448526031329521,,,,,,,,,,,,,,,,,,,,,,,,,,,,,,,,,,,,,,
,,-1460000,-0.000627936443861277,0.11975645036499,,,,,,,,,,,,,,,,,,,,,,,,,,,,,,,,,,,,,,
,,-1450000,-0.000627936443861277,0.11975645036499,,,,,,,,,,,,,,,,,,,,,,,,,,,,,,,,,,,,,,
,,-1440000,-0.0170888417936556,0.11975645036499,,,,,,,,,,,,,,,,,,,,,,,,,,,,,,,,,,,,,,
,,-1430000,-0.000627936443861277,0.11975645036499,,,,,,,,,,,,,,,,,,,,,,,,,,,,,,,,,,,,,,
,,-1420000,-0.000627936443861277,-0.0448526031329521,,,,,,,,,,,,,,,,,,,,,,,,,,,,,,,,,,,,,,
,,-1410000,-0.000627936443861277,0.11975645036499,,,,,,,,,,,,,,,,,,,,,,,,,,,,,,,,,,,,,,
,,-1400000,-0.000627936443861277,0.11975645036499,,,,,,,,,,,,,,,,,,,,,,,,,,,,,,,,,,,,,,
,,-1390000,-0.000627936443861277,-0.0448526031329521,,,,,,,,,,,,,,,,,,,,,,,,,,,,,,,,,,,,,,
,,-1380000,-0.000627936443861277,0.11975645036499,,,,,,,,,,,,,,,,,,,,,,,,,,,,,,,,,,,,,,
,,-1370000,-0.000627936443861277,-0.0448526031329521,,,,,,,,,,,,,,,,,,,,,,,,,,,,,,,,,,,,,,
,,-1360000,-0.000627936443861277,0.11975645036499,,,,,,,,,,,,,,,,,,,,,,,,,,,,,,,,,,,,,,
,,-1350000,-0.000627936443861277,0.11975645036499,,,,,,,,,,,,,,,,,,,,,,,,,,,,,,,,,,,,,,
,,-1340000,-0.000627936443861277,0.11975645036499,,,,,,,,,,,,,,,,,,,,,,,,,,,,,,,,,,,,,,
,,-1330000,-0.000627936443861277,0.11975645036499,,,,,,,,,,,,,,,,,,,,,,,,,,,,,,,,,,,,,,
,,-1320000,-0.000627936443861277,0.11975645036499,,,,,,,,,,,,,,,,,,,,,,,,,,,,,,,,,,,,,,
,,-1310000,-0.000627936443861277,0.11975645036499,,,,,,,,,,,,,,,,,,,,,,,,,,,,,,,,,,,,,,
,,-1300000,-0.000627936443861277,-0.0448526031329521,,,,,,,,,,,,,,,,,,,,,,,,,,,,,,,,,,,,,,
,,-1290000,-0.0170888417936556,0.11975645036499,,,,,,,,,,,,,,,,,,,,,,,,,,,,,,,,,,,,,,
,,-1280000,-0.000627936443861277,0.11975645036499,,,,,,,,,,,,,,,,,,,,,,,,,,,,,,,,,,,,,,
,,-1270000,-0.000627936443861277,0.11975645036499,,,,,,,,,,,,,,,,,,,,,,,,,,,,,,,,,,,,,,
,,-1260000,-0.000627936443861277,0.11975645036499,,,,,,,,,,,,,,,,,,,,,,,,,,,,,,,,,,,,,,
,,-1250000,-0.0170888417936556,0.11975645036499,,,,,,,,,,,,,,,,,,,,,,,,,,,,,,,,,,,,,,
,,-1240000,-0.000627936443861277,0.11975645036499,,,,,,,,,,,,,,,,,,,,,,,,,,,,,,,,,,,,,,
,,-1230000,-0.0170888417936556,0.11975645036499,,,,,,,,,,,,,,,,,,,,,,,,,,,,,,,,,,,,,,
,,-1220000,-0.0170888417936556,0.11975645036499,,,,,,,,,,,,,,,,,,,,,,,,,,,,,,,,,,,,,,
,,-1210000,-0.000627936443861277,-0.0448526031329521,,,,,,,,,,,,,,,,,,,,,,,,,,,,,,,,,,,,,,
,,-1200000,-0.000627936443861277,-0.0448526031329521,,,,,,,,,,,,,,,,,,,,,,,,,,,,,,,,,,,,,,
,,-1190000,-0.000627936443861277,0.11975645036499,,,,,,,,,,,,,,,,,,,,,,,,,,,,,,,,,,,,,,
,,-1180000,-0.000627936443861277,0.11975645036499,,,,,,,,,,,,,,,,,,,,,,,,,,,,,,,,,,,,,,
,,-1170000,-0.000627936443861277,0.11975645036499,,,,,,,,,,,,,,,,,,,,,,,,,,,,,,,,,,,,,,
,,-1160000,-0.000627936443861277,0.11975645036499,,,,,,,,,,,,,,,,,,,,,,,,,,,,,,,,,,,,,,
,,-1150000,-0.000627936443861277,0.11975645036499,,,,,,,,,,,,,,,,,,,,,,,,,,,,,,,,,,,,,,
,,-1140000,-0.000627936443861277,0.11975645036499,,,,,,,,,,,,,,,,,,,,,,,,,,,,,,,,,,,,,,
,,-1130000,-0.000627936443861277,0.11975645036499,,,,,,,,,,,,,,,,,,,,,,,,,,,,,,,,,,,,,,
,,-1120000,-0.000627936443861277,0.11975645036499,,,,,,,,,,,,,,,,,,,,,,,,,,,,,,,,,,,,,,
,,-1110000,-0.000627936443861277,-0.0448526031329521,,,,,,,,,,,,,,,,,,,,,,,,,,,,,,,,,,,,,,
,,-1100000,-0.000627936443861277,0.11975645036499,,,,,,,,,,,,,,,,,,,,,,,,,,,,,,,,,,,,,,
,,-1090000,-0.000627936443861277,0.11975645036499,,,,,,,,,,,,,,,,,,,,,,,,,,,,,,,,,,,,,,
,,-1080000,-0.000627936443861277,0.11975645036499,,,,,,,,,,,,,,,,,,,,,,,,,,,,,,,,,,,,,,
,,-1070000,-0.000627936443861277,0.11975645036499,,,,,,,,,,,,,,,,,,,,,,,,,,,,,,,,,,,,,,
,,-1060000,-0.000627936443861277,0.11975645036499,,,,,,,,,,,,,,,,,,,,,,,,,,,,,,,,,,,,,,
,,-1050000,-0.000627936443861277,-0.0448526031329521,,,,,,,,,,,,,,,,,,,,,,,,,,,,,,,,,,,,,,
,,-1040000,0.0158329689059329,-0.0448526031329521,,,,,,,,,,,,,,,,,,,,,,,,,,,,,,,,,,,,,,
,,-1030000,-0.000627936443861277,0.11975645036499,,,,,,,,,,,,,,,,,,,,,,,,,,,,,,,,,,,,,,
,,-1020000,-0.000627936443861277,0.11975645036499,,,,,,,,,,,,,,,,,,,,,,,,,,,,,,,,,,,,,,
,,-1010000,-0.000627936443861277,0.11975645036499,,,,,,,,,,,,,,,,,,,,,,,,,,,,,,,,,,,,,,
,,-1000000,-0.000627936443861277,0.11975645036499,,,,,,,,,,,,,,,,,,,,,,,,,,,,,,,,,,,,,,
,,-990000,-0.000627936443861277,0.11975645036499,,,,,,,,,,,,,,,,,,,,,,,,,,,,,,,,,,,,,,
,,-980000,-0.000627936443861277,0.11975645036499,,,,,,,,,,,,,,,,,,,,,,,,,,,,,,,,,,,,,,
,,-970000,-0.000627936443861277,0.11975645036499,,,,,,,,,,,,,,,,,,,,,,,,,,,,,,,,,,,,,,
,,-960000,-0.000627936443861277,0.11975645036499,,,,,,,,,,,,,,,,,,,,,,,,,,,,,,,,,,,,,,
,,-950000,-0.000627936443861277,0.11975645036499,,,,,,,,,,,,,,,,,,,,,,,,,,,,,,,,,,,,,,
,,-940000,-0.000627936443861277,-0.0448526031329521,,,,,,,,,,,,,,,,,,,,,,,,,,,,,,,,,,,,,,
,,-930000,-0.000627936443861277,0.11975645036499,,,,,,,,,,,,,,,,,,,,,,,,,,,,,,,,,,,,,,
,,-920000,-0.000627936443861277,0.11975645036499,,,,,,,,,,,,,,,,,,,,,,,,,,,,,,,,,,,,,,
,,-910000,-0.000627936443861277,0.11975645036499,,,,,,,,,,,,,,,,,,,,,,,,,,,,,,,,,,,,,,
,,-900000,-0.000627936443861277,0.11975645036499,,,,,,,,,,,,,,,,,,,,,,,,,,,,,,,,,,,,,,
,,-890000,-0.000627936443861277,0.11975645036499,,,,,,,,,,,,,,,,,,,,,,,,,,,,,,,,,,,,,,
,,-880000,-0.000627936443861277,0.11975645036499,,,,,,,,,,,,,,,,,,,,,,,,,,,,,,,,,,,,,,
,,-870000,-0.000627936443861277,0.11975645036499,,,,,,,,,,,,,,,,,,,,,,,,,,,,,,,,,,,,,,
,,-860000,-0.000627936443861277,0.11975645036499,,,,,,,,,,,,,,,,,,,,,,,,,,,,,,,,,,,,,,
,,-850000,-0.000627936443861277,0.11975645036499,,,,,,,,,,,,,,,,,,,,,,,,,,,,,,,,,,,,,,
,,-840000,-0.0170888417936556,0.11975645036499,,,,,,,,,,,,,,,,,,,,,,,,,,,,,,,,,,,,,,
,,-830000,-0.000627936443861277,0.11975645036499,,,,,,,,,,,,,,,,,,,,,,,,,,,,,,,,,,,,,,
,,-820000,0.0158329689059329,-0.0448526031329521,,,,,,,,,,,,,,,,,,,,,,,,,,,,,,,,,,,,,,
,,-810000,0.0158329689059329,0.11975645036499,,,,,,,,,,,,,,,,,,,,,,,,,,,,,,,,,,,,,,
,,-800000,-0.000627936443861277,-0.0448526031329521,,,,,,,,,,,,,,,,,,,,,,,,,,,,,,,,,,,,,,
,,-790000,-0.000627936443861277,0.11975645036499,,,,,,,,,,,,,,,,,,,,,,,,,,,,,,,,,,,,,,
,,-780000,0.0158329689059329,0.11975645036499,,,,,,,,,,,,,,,,,,,,,,,,,,,,,,,,,,,,,,
,,-770000,-0.000627936443861277,0.11975645036499,,,,,,,,,,,,,,,,,,,,,,,,,,,,,,,,,,,,,,
,,-760000,-0.000627936443861277,-0.0448526031329521,,,,,,,,,,,,,,,,,,,,,,,,,,,,,,,,,,,,,,
,,-750000,-0.000627936443861277,0.11975645036499,,,,,,,,,,,,,,,,,,,,,,,,,,,,,,,,,,,,,,
,,-740000,-0.000627936443861277,-0.0448526031329521,,,,,,,,,,,,,,,,,,,,,,,,,,,,,,,,,,,,,,
,,-730000,-0.000627936443861277,0.11975645036499,,,,,,,,,,,,,,,,,,,,,,,,,,,,,,,,,,,,,,
,,-720000,-0.000627936443861277,0.11975645036499,,,,,,,,,,,,,,,,,,,,,,,,,,,,,,,,,,,,,,
,,-710000,0.0158329689059329,0.11975645036499,,,,,,,,,,,,,,,,,,,,,,,,,,,,,,,,,,,,,,
,,-700000,0.0158329689059329,0.11975645036499,,,,,,,,,,,,,,,,,,,,,,,,,,,,,,,,,,,,,,
,,-690000,-0.000627936443861277,0.11975645036499,,,,,,,,,,,,,,,,,,,,,,,,,,,,,,,,,,,,,,
,,-680000,-0.000627936443861277,0.11975645036499,,,,,,,,,,,,,,,,,,,,,,,,,,,,,,,,,,,,,,
,,-670000,-0.000627936443861277,0.11975645036499,,,,,,,,,,,,,,,,,,,,,,,,,,,,,,,,,,,,,,
,,-660000,-0.000627936443861277,0.11975645036499,,,,,,,,,,,,,,,,,,,,,,,,,,,,,,,,,,,,,,
,,-650000,-0.000627936443861277,0.11975645036499,,,,,,,,,,,,,,,,,,,,,,,,,,,,,,,,,,,,,,
,,-640000,-0.000627936443861277,0.11975645036499,,,,,,,,,,,,,,,,,,,,,,,,,,,,,,,,,,,,,,
,,-630000,0.0158329689059329,0.11975645036499,,,,,,,,,,,,,,,,,,,,,,,,,,,,,,,,,,,,,,
,,-620000,-0.000627936443861277,-0.0448526031329521,,,,,,,,,,,,,,,,,,,,,,,,,,,,,,,,,,,,,,
,,-610000,-0.0170888417936556,0.11975645036499,,,,,,,,,,,,,,,,,,,,,,,,,,,,,,,,,,,,,,
,,-600000,-0.000627936443861277,0.11975645036499,,,,,,,,,,,,,,,,,,,,,,,,,,,,,,,,,,,,,,
,,-590000,-0.0170888417936556,0.11975645036499,,,,,,,,,,,,,,,,,,,,,,,,,,,,,,,,,,,,,,
,,-580000,-0.000627936443861277,0.11975645036499,,,,,,,,,,,,,,,,,,,,,,,,,,,,,,,,,,,,,,
,,-570000,-0.000627936443861277,0.11975645036499,,,,,,,,,,,,,,,,,,,,,,,,,,,,,,,,,,,,,,
,,-560000,-0.000627936443861277,-0.0448526031329521,,,,,,,,,,,,,,,,,,,,,,,,,,,,,,,,,,,,,,
,,-550000,0.0158329689059329,0.11975645036499,,,,,,,,,,,,,,,,,,,,,,,,,,,,,,,,,,,,,,
,,-540000,-0.000627936443861277,0.11975645036499,,,,,,,,,,,,,,,,,,,,,,,,,,,,,,,,,,,,,,
,,-530000,-0.000627936443861277,0.11975645036499,,,,,,,,,,,,,,,,,,,,,,,,,,,,,,,,,,,,,,
,,-520000,-0.000627936443861277,0.11975645036499,,,,,,,,,,,,,,,,,,,,,,,,,,,,,,,,,,,,,,
,,-510000,-0.000627936443861277,0.11975645036499,,,,,,,,,,,,,,,,,,,,,,,,,,,,,,,,,,,,,,
,,-500000,-0.000627936443861277,0.11975645036499,,,,,,,,,,,,,,,,,,,,,,,,,,,,,,,,,,,,,,
,,-490000,-0.0170888417936556,-0.0448526031329521,,,,,,,,,,,,,,,,,,,,,,,,,,,,,,,,,,,,,,
,,-480000,-0.000627936443861277,0.11975645036499,,,,,,,,,,,,,,,,,,,,,,,,,,,,,,,,,,,,,,
,,-470000,-0.000627936443861277,0.11975645036499,,,,,,,,,,,,,,,,,,,,,,,,,,,,,,,,,,,,,,
,,-460000,-0.000627936443861277,0.11975645036499,,,,,,,,,,,,,,,,,,,,,,,,,,,,,,,,,,,,,,
,,-450000,-0.000627936443861277,-0.0448526031329521,,,,,,,,,,,,,,,,,,,,,,,,,,,,,,,,,,,,,,
,,-440000,-0.000627936443861277,0.11975645036499,,,,,,,,,,,,,,,,,,,,,,,,,,,,,,,,,,,,,,
,,-430000,-0.000627936443861277,0.11975645036499,,,,,,,,,,,,,,,,,,,,,,,,,,,,,,,,,,,,,,
,,-420000,-0.000627936443861277,0.11975645036499,,,,,,,,,,,,,,,,,,,,,,,,,,,,,,,,,,,,,,
,,-410000,-0.000627936443861277,0.11975645036499,,,,,,,,,,,,,,,,,,,,,,,,,,,,,,,,,,,,,,
,,-400000,-0.000627936443861277,-0.0448526031329521,,,,,,,,,,,,,,,,,,,,,,,,,,,,,,,,,,,,,,
,,-390000,0.0158329689059329,-0.0448526031329521,,,,,,,,,,,,,,,,,,,,,,,,,,,,,,,,,,,,,,
,,-380000,-0.000627936443861277,0.11975645036499,,,,,,,,,,,,,,,,,,,,,,,,,,,,,,,,,,,,,,
,,-370000,-0.000627936443861277,-0.0448526031329521,,,,,,,,,,,,,,,,,,,,,,,,,,,,,,,,,,,,,,
,,-360000,-0.000627936443861277,0.11975645036499,,,,,,,,,,,,,,,,,,,,,,,,,,,,,,,,,,,,,,
,,-350000,-0.0170888417936556,0.11975645036499,,,,,,,,,,,,,,,,,,,,,,,,,,,,,,,,,,,,,,
,,-340000,-0.0170888417936556,0.11975645036499,,,,,,,,,,,,,,,,,,,,,,,,,,,,,,,,,,,,,,
,,-330000,-0.000627936443861277,0.11975645036499,,,,,,,,,,,,,,,,,,,,,,,,,,,,,,,,,,,,,,
,,-320000,-0.000627936443861277,0.11975645036499,,,,,,,,,,,,,,,,,,,,,,,,,,,,,,,,,,,,,,
,,-310000,-0.000627936443861277,0.11975645036499,,,,,,,,,,,,,,,,,,,,,,,,,,,,,,,,,,,,,,
,,-300000,-0.0170888417936556,0.11975645036499,,,,,,,,,,,,,,,,,,,,,,,,,,,,,,,,,,,,,,
,,-290000,-0.000627936443861277,0.11975645036499,,,,,,,,,,,,,,,,,,,,,,,,,,,,,,,,,,,,,,
,,-280000,-0.000627936443861277,0.11975645036499,,,,,,,,,,,,,,,,,,,,,,,,,,,,,,,,,,,,,,
,,-270000,-0.000627936443861277,0.11975645036499,,,,,,,,,,,,,,,,,,,,,,,,,,,,,,,,,,,,,,
,,-260000,-0.000627936443861277,0.11975645036499,,,,,,,,,,,,,,,,,,,,,,,,,,,,,,,,,,,,,,
,,-250000,-0.000627936443861277,0.11975645036499,,,,,,,,,,,,,,,,,,,,,,,,,,,,,,,,,,,,,,
,,-240000,-0.000627936443861277,0.11975645036499,,,,,,,,,,,,,,,,,,,,,,,,,,,,,,,,,,,,,,
,,-230000,-0.000627936443861277,-0.0448526031329521,,,,,,,,,,,,,,,,,,,,,,,,,,,,,,,,,,,,,,
,,-220000,-0.000627936443861277,0.11975645036499,,,,,,,,,,,,,,,,,,,,,,,,,,,,,,,,,,,,,,
,,-210000,-0.000627936443861277,0.11975645036499,,,,,,,,,,,,,,,,,,,,,,,,,,,,,,,,,,,,,,
,,-200000,-0.000627936443861277,-0.0448526031329521,,,,,,,,,,,,,,,,,,,,,,,,,,,,,,,,,,,,,,
,,-190000,-0.000627936443861277,-0.0448526031329521,,,,,,,,,,,,,,,,,,,,,,,,,,,,,,,,,,,,,,
,,-180000,-0.000627936443861277,0.11975645036499,,,,,,,,,,,,,,,,,,,,,,,,,,,,,,,,,,,,,,
,,-170000,-0.000627936443861277,0.11975645036499,,,,,,,,,,,,,,,,,,,,,,,,,,,,,,,,,,,,,,
,,-160000,-0.000627936443861277,0.11975645036499,,,,,,,,,,,,,,,,,,,,,,,,,,,,,,,,,,,,,,
,,-150000,-0.000627936443861277,0.11975645036499,,,,,,,,,,,,,,,,,,,,,,,,,,,,,,,,,,,,,,
,,-140000,-0.0170888417936556,0.11975645036499,,,,,,,,,,,,,,,,,,,,,,,,,,,,,,,,,,,,,,
,,-130000,-0.000627936443861277,0.11975645036499,,,,,,,,,,,,,,,,,,,,,,,,,,,,,,,,,,,,,,
,,-120000,-0.000627936443861277,0.11975645036499,,,,,,,,,,,,,,,,,,,,,,,,,,,,,,,,,,,,,,
,,-110000,-0.000627936443861277,-0.0448526031329521,,,,,,,,,,,,,,,,,,,,,,,,,,,,,,,,,,,,,,
,,-100000,-0.000627936443861277,0.11975645036499,,,,,,,,,,,,,,,,,,,,,,,,,,,,,,,,,,,,,,
,,-90000,-0.000627936443861277,0.11975645036499,,,,,,,,,,,,,,,,,,,,,,,,,,,,,,,,,,,,,,
,,-80000,-0.000627936443861277,0.11975645036499,,,,,,,,,,,,,,,,,,,,,,,,,,,,,,,,,,,,,,
,,-70000,-0.000627936443861277,0.11975645036499,,,,,,,,,,,,,,,,,,,,,,,,,,,,,,,,,,,,,,
,,-60000,-0.000627936443861277,0.11975645036499,,,,,,,,,,,,,,,,,,,,,,,,,,,,,,,,,,,,,,
,,-50000,-0.000627936443861277,0.11975645036499,,,,,,,,,,,,,,,,,,,,,,,,,,,,,,,,,,,,,,
,,-40000,-0.000627936443861277,-0.0448526031329521,,,,,,,,,,,,,,,,,,,,,,,,,,,,,,,,,,,,,,
,,-30000,-0.000627936443861277,-0.0448526031329521,,,,,,,,,,,,,,,,,,,,,,,,,,,,,,,,,,,,,,
,,-20000,-0.000627936443861277,0.11975645036499,,,,,,,,,,,,,,,,,,,,,,,,,,,,,,,,,,,,,,
,,-10000,-0.0170888417936556,0.11975645036499,,,,,,,,,,,,,,,,,,,,,,,,,,,,,,,,,,,,,,
,,0,0.328590170552024,0.11975645036499,,,,,,,,,,,,,,,,,,,,,,,,,,,,,,,,,,,,,,
,,10000,-0.4615332862381,0.11975645036499,,,,,,,,,,,,,,,,,,,,,,,,,,,,,,,,,,,,,,
,,20000,0.427355602650789,0.11975645036499,,,,,,,,,,,,,,,,,,,,,,,,,,,,,,,,,,,,,,
,,30000,-0.362767854139335,0.11975645036499,,,,,,,,,,,,,,,,,,,,,,,,,,,,,,,,,,,,,,
,,40000,0.131059306354493,0.11975645036499,,,,,,,,,,,,,,,,,,,,,,,,,,,,,,,,,,,,,,
,,50000,0.180442022403875,0.448974557360875,,,,,,,,,,,,,,,,,,,,,,,,,,,,,,,,,,,,,,
,,60000,-0.445072380888306,1.60123793184647,,,,,,,,,,,,,,,,,,,,,,,,,,,,,,,,,,,,,,
,,70000,0.476738318700172,-3.3370336730918,,,,,,,,,,,,,,,,,,,,,,,,,,,,,,,,,,,,,,
,,80000,-0.280463327390363,3.74115562731972,,,,,,,,,,,,,,,,,,,,,,,,,,,,,,,,,,,,,,
,,90000,0.0158329689059329,-2.02016124510826,,,,,,,,,,,,,,,,,,,,,,,,,,,,,,,,,,,,,,
,,100000,0.262746549152847,-0.374070710128836,,,,,,,,,,,,,,,,,,,,,,,,,,,,,,,,,,,,,,
,,110000,-0.4615332862381,2.91811035983001,,,,,,,,,,,,,,,,,,,,,,,,,,,,,,,,,,,,,,
,,120000,0.443816508000583,-3.83086083358563,,,,,,,,,,,,,,,,,,,,,,,,,,,,,,,,,,,,,,
,,130000,-0.214619705991186,3.41193752032384,,,,,,,,,,,,,,,,,,,,,,,,,,,,,,,,,,,,,,
,,140000,-0.0664715578430383,-1.36172503111649,,,,,,,,,,,,,,,,,,,,,,,,,,,,,,,,,,,,,,
,,150000,0.345051075901818,-1.19711597761855,,,,,,,,,,,,,,,,,,,,,,,,,,,,,,,,,,,,,,
,,160000,-0.477994191587894,3.57654657382178,,,,,,,,,,,,,,,,,,,,,,,,,,,,,,,,,,,,,,
,,170000,0.410894697300995,-4.16007894058151,,,,,,,,,,,,,,,,,,,,,,,,,,,,,,,,,,,,,,
,,180000,-0.165236989941804,3.2473284668259,,,,,,,,,,,,,,,,,,,,,,,,,,,,,,,,,,,,,,
,,190000,-0.132315179242215,-0.867897870622664,,,,,,,,,,,,,,,,,,,,,,,,,,,,,,,,,,,,,,
,,200000,0.345051075901818,-1.69094313811238,,,,,,,,,,,,,,,,,,,,,,,,,,,,,,,,,,,,,,
,,210000,-0.445072380888306,3.90576468081767,,,,,,,,,,,,,,,,,,,,,,,,,,,,,,,,,,,,,,
,,220000,0.345051075901818,-3.99546988708357,,,,,,,,,,,,,,,,,,,,,,,,,,,,,,,,,,,,,,
,,230000,-0.34630694878954,2.75350130633207,,,,,,,,,,,,,,,,,,,,,,,,,,,,,,,,,,,,,,
,,240000,0.0322938742557272,-0.0448526031329521,,,,,,,,,,,,,,,,,,,,,,,,,,,,,,,,,,,,,,
,,250000,0.0322938742557272,-2.34937935210415,,,,,,,,,,,,,,,,,,,,,,,,,,,,,,,,,,,,,,
,,260000,0.0487547796055214,3.74115562731972,,,,,,,,,,,,,,,,,,,,,,,,,,,,,,,,,,,,,,
,,270000,-0.0170888417936556,-1.52633408461443,,,,,,,,,,,,,,,,,,,,,,,,,,,,,,,,,,,,,,
,,280000,-0.050010652493244,-0.703288817124721,,,,,,,,,,,,,,,,,,,,,,,,,,,,,,,,,,,,,,
,,290000,0.0652156849553156,0.77819266435676,,,,,,,,,,,,,,,,,,,,,,,,,,,,,,,,,,,,,,
,,300000,-0.0335497471434498,-0.0448526031329521,,,,,,,,,,,,,,,,,,,,,,,,,,,,,,,,,,,,,,
,,310000,0.0158329689059329,0.11975645036499,,,,,,,,,,,,,,,,,,,,,,,,,,,,,,,,,,,,,,
,,320000,0.0158329689059329,-0.0448526031329521,,,,,,,,,,,,,,,,,,,,,,,,,,,,,,,,,,,,,,
,,330000,-0.0664715578430383,0.284365503862933,,,,,,,,,,,,,,,,,,,,,,,,,,,,,,,,,,,,,,
,,340000,0.0652156849553156,0.11975645036499,,,,,,,,,,,,,,,,,,,,,,,,,,,,,,,,,,,,,,
,,350000,-0.050010652493244,-0.0448526031329521,,,,,,,,,,,,,,,,,,,,,,,,,,,,,,,,,,,,,,
,,360000,-0.000627936443861277,0.284365503862933,,,,,,,,,,,,,,,,,,,,,,,,,,,,,,,,,,,,,,
,,370000,0.0158329689059329,-0.209461656630895,,,,,,,,,,,,,,,,,,,,,,,,,,,,,,,,,,,,,,
,,380000,-0.0335497471434498,0.11975645036499,,,,,,,,,,,,,,,,,,,,,,,,,,,,,,,,,,,,,,
,,390000,0.0322938742557272,0.11975645036499,,,,,,,,,,,,,,,,,,,,,,,,,,,,,,,,,,,,,,
,,400000,-0.0335497471434498,-0.374070710128836,,,,,,,,,,,,,,,,,,,,,,,,,,,,,,,,,,,,,,
,,410000,0.0322938742557272,1.10741077135264,,,,,,,,,,,,,,,,,,,,,,,,,,,,,,,,,,,,,,
,,420000,-0.0170888417936556,-1.19711597761855,,,,,,,,,,,,,,,,,,,,,,,,,,,,,,,,,,,,,,
,,430000,-0.0829324631928325,0.942801717854702,,,,,,,,,,,,,,,,,,,,,,,,,,,,,,,,,,,,,,
,,440000,-0.14877608459201,-0.0448526031329521,,,,,,,,,,,,,,,,,,,,,,,,,,,,,,,,,,,,,,
,,450000,0.295668359852435,-0.867897870622664,,,,,,,,,,,,,,,,,,,,,,,,,,,,,,,,,,,,,,
,,460000,-0.264002422040569,1.60123793184647,,,,,,,,,,,,,,,,,,,,,,,,,,,,,,,,,,,,,,
,,470000,0.0816765903051099,-1.36172503111649,,,,,,,,,,,,,,,,,,,,,,,,,,,,,,,,,,,,,,
,,480000,0.0981374956549042,0.942801717854702,,,,,,,,,,,,,,,,,,,,,,,,,,,,,,,,,,,,,,
,,490000,-0.214619705991186,0.448974557360875,,,,,,,,,,,,,,,,,,,,,,,,,,,,,,,,,,,,,,
,,500000,0.246285643803052,-1.03250692412061,,,,,,,,,,,,,,,,,,,,,,,,,,,,,,,,,,,,,,
,,510000,-0.181697895291598,1.60123793184647,,,,,,,,,,,,,,,,,,,,,,,,,,,,,,,,,,,,,,
,,520000,0.0487547796055214,-1.36172503111649,,,,,,,,,,,,,,,,,,,,,,,,,,,,,,,,,,,,,,
,,530000,0.114598401004698,0.613583610858818,,,,,,,,,,,,,,,,,,,,,,,,,,,,,,,,,,,,,,
,,540000,-0.264002422040569,0.613583610858818,,,,,,,,,,,,,,,,,,,,,,,,,,,,,,,,,,,,,,
,,550000,0.262746549152847,-1.36172503111649,,,,,,,,,,,,,,,,,,,,,,,,,,,,,,,,,,,,,,
,,560000,-0.14877608459201,1.76584698534441,,,,,,,,,,,,,,,,,,,,,,,,,,,,,,,,,,,,,,
,,570000,-0.000627936443861277,-1.19711597761855,,,,,,,,,,,,,,,,,,,,,,,,,,,,,,,,,,,,,,
,,580000,0.19690292775367,0.284365503862933,,,,,,,,,,,,,,,,,,,,,,,,,,,,,,,,,,,,,,
,,590000,-0.296924232740158,0.77819266435676,,,,,,,,,,,,,,,,,,,,,,,,,,,,,,,,,,,,,,
,,600000,0.229824738453258,-1.19711597761855,,,,,,,,,,,,,,,,,,,,,,,,,,,,,,,,,,,,,,
,,610000,-0.0993933685426268,1.60123793184647,,,,,,,,,,,,,,,,,,,,,,,,,,,,,,,,,,,,,,
,,620000,-0.050010652493244,-0.867897870622664,,,,,,,,,,,,,,,,,,,,,,,,,,,,,,,,,,,,,,
,,630000,0.246285643803052,0.11975645036499,,,,,,,,,,,,,,,,,,,,,,,,,,,,,,,,,,,,,,
,,640000,-0.329846043439746,0.284365503862933,,,,,,,,,,,,,,,,,,,,,,,,,,,,,,,,,,,,,,
,,650000,-0.0335497471434498,0.11975645036499,,,,,,,,,,,,,,,,,,,,,,,,,,,,,,,,,,,,,,
,,660000,0.0981374956549042,-0.0448526031329521,,,,,,,,,,,,,,,,,,,,,,,,,,,,,,,,,,,,,,
,,670000,0.0981374956549042,0.284365503862933,,,,,,,,,,,,,,,,,,,,,,,,,,,,,,,,,,,,,,
,,680000,-0.132315179242215,-0.0448526031329521,,,,,,,,,,,,,,,,,,,,,,,,,,,,,,,,,,,,,,
,,690000,0.0487547796055214,-0.0448526031329521,,,,,,,,,,,,,,,,,,,,,,,,,,,,,,,,,,,,,,
,,700000,0.0487547796055214,0.284365503862933,,,,,,,,,,,,,,,,,,,,,,,,,,,,,,,,,,,,,,
,,710000,-0.132315179242215,-0.0448526031329521,,,,,,,,,,,,,,,,,,,,,,,,,,,,,,,,,,,,,,
,,720000,0.114598401004698,-0.0448526031329521,,,,,,,,,,,,,,,,,,,,,,,,,,,,,,,,,,,,,,
,,730000,-0.0335497471434498,-0.0448526031329521,,,,,,,,,,,,,,,,,,,,,,,,,,,,,,,,,,,,,,
,,740000,-0.0335497471434498,0.11975645036499,,,,,,,,,,,,,,,,,,,,,,,,,,,,,,,,,,,,,,
,,750000,0.0816765903051099,0.11975645036499,,,,,,,,,,,,,,,,,,,,,,,,,,,,,,,,,,,,,,
,,760000,-0.115854273892421,-0.0448526031329521,,,,,,,,,,,,,,,,,,,,,,,,,,,,,,,,,,,,,,
,,770000,0.0981374956549042,-0.0448526031329521,,,,,,,,,,,,,,,,,,,,,,,,,,,,,,,,,,,,,,
,,780000,-0.0335497471434498,0.284365503862933,,,,,,,,,,,,,,,,,,,,,,,,,,,,,,,,,,,,,,
,,790000,-0.0335497471434498,-0.209461656630895,,,,,,,,,,,,,,,,,,,,,,,,,,,,,,,,,,,,,,
,,800000,0.0981374956549042,0.284365503862933,,,,,,,,,,,,,,,,,,,,,,,,,,,,,,,,,,,,,,
,,810000,-0.132315179242215,-0.0448526031329521,,,,,,,,,,,,,,,,,,,,,,,,,,,,,,,,,,,,,,
,,820000,0.0652156849553156,-0.0448526031329521,,,,,,,,,,,,,,,,,,,,,,,,,,,,,,,,,,,,,,
,,830000,0.0158329689059329,0.284365503862933,,,,,,,,,,,,,,,,,,,,,,,,,,,,,,,,,,,,,,
,,840000,-0.050010652493244,-0.0448526031329521,,,,,,,,,,,,,,,,,,,,,,,,,,,,,,,,,,,,,,
,,850000,0.0981374956549042,0.11975645036499,,,,,,,,,,,,,,,,,,,,,,,,,,,,,,,,,,,,,,
,,860000,-0.14877608459201,0.11975645036499,,,,,,,,,,,,,,,,,,,,,,,,,,,,,,,,,,,,,,
,,870000,-0.050010652493244,-0.0448526031329521,,,,,,,,,,,,,,,,,,,,,,,,,,,,,,,,,,,,,,
,,880000,0.0981374956549042,0.284365503862933,,,,,,,,,,,,,,,,,,,,,,,,,,,,,,,,,,,,,,
,,890000,-0.0170888417936556,-0.209461656630895,,,,,,,,,,,,,,,,,,,,,,,,,,,,,,,,,,,,,,
,,900000,-0.050010652493244,0.11975645036499,,,,,,,,,,,,,,,,,,,,,,,,,,,,,,,,,,,,,,
,,910000,0.0652156849553156,0.284365503862933,,,,,,,,,,,,,,,,,,,,,,,,,,,,,,,,,,,,,,
,,920000,-0.0664715578430383,-0.0448526031329521,,,,,,,,,,,,,,,,,,,,,,,,,,,,,,,,,,,,,,
,,930000,0.0158329689059329,0.284365503862933,,,,,,,,,,,,,,,,,,,,,,,,,,,,,,,,,,,,,,
,,940000,0.0158329689059329,-0.0448526031329521,,,,,,,,,,,,,,,,,,,,,,,,,,,,,,,,,,,,,,
,,950000,-0.0335497471434498,0.11975645036499,,,,,,,,,,,,,,,,,,,,,,,,,,,,,,,,,,,,,,
,,960000,0.0322938742557272,0.11975645036499,,,,,,,,,,,,,,,,,,,,,,,,,,,,,,,,,,,,,,
,,970000,-0.000627936443861277,-0.0448526031329521,,,,,,,,,,,,,,,,,,,,,,,,,,,,,,,,,,,,,,
,,980000,-0.0170888417936556,0.284365503862933,,,,,,,,,,,,,,,,,,,,,,,,,,,,,,,,,,,,,,
,,990000,0.0816765903051099,-0.0448526031329521,,,,,,,,,,,,,,,,,,,,,,,,,,,,,,,,,,,,,,
,,1000000,-0.132315179242215,0.11975645036499,,,,,,,,,,,,,,,,,,,,,,,,,,,,,,,,,,,,,,
,,1010000,0.0816765903051099,-0.0448526031329521,,,,,,,,,,,,,,,,,,,,,,,,,,,,,,,,,,,,,,
,,1020000,-0.0335497471434498,0.11975645036499,,,,,,,,,,,,,,,,,,,,,,,,,,,,,,,,,,,,,,
,,1030000,-0.0335497471434498,0.11975645036499,,,,,,,,,,,,,,,,,,,,,,,,,,,,,,,,,,,,,,
,,1040000,0.0816765903051099,-0.0448526031329521,,,,,,,,,,,,,,,,,,,,,,,,,,,,,,,,,,,,,,
,,1050000,-0.0829324631928325,0.284365503862933,,,,,,,,,,,,,,,,,,,,,,,,,,,,,,,,,,,,,,
,,1060000,0.0652156849553156,-0.0448526031329521,,,,,,,,,,,,,,,,,,,,,,,,,,,,,,,,,,,,,,
,,1070000,-0.0170888417936556,0.11975645036499,,,,,,,,,,,,,,,,,,,,,,,,,,,,,,,,,,,,,,
,,1080000,-0.0664715578430383,-0.0448526031329521,,,,,,,,,,,,,,,,,,,,,,,,,,,,,,,,,,,,,,
,,1090000,0.114598401004698,0.11975645036499,,,,,,,,,,,,,,,,,,,,,,,,,,,,,,,,,,,,,,
,,1100000,-0.115854273892421,0.11975645036499,,,,,,,,,,,,,,,,,,,,,,,,,,,,,,,,,,,,,,
,,1110000,0.0652156849553156,0.11975645036499,,,,,,,,,,,,,,,,,,,,,,,,,,,,,,,,,,,,,,
,,1120000,0.0158329689059329,0.11975645036499,,,,,,,,,,,,,,,,,,,,,,,,,,,,,,,,,,,,,,
,,1130000,-0.0664715578430383,0.11975645036499,,,,,,,,,,,,,,,,,,,,,,,,,,,,,,,,,,,,,,
,,1140000,0.114598401004698,0.11975645036499,,,,,,,,,,,,,,,,,,,,,,,,,,,,,,,,,,,,,,
,,1150000,-0.0829324631928325,0.11975645036499,,,,,,,,,,,,,,,,,,,,,,,,,,,,,,,,,,,,,,
,,1160000,0.0322938742557272,0.11975645036499,,,,,,,,,,,,,,,,,,,,,,,,,,,,,,,,,,,,,,
,,1170000,0.0322938742557272,0.11975645036499,,,,,,,,,,,,,,,,,,,,,,,,,,,,,,,,,,,,,,
,,1180000,-0.0993933685426268,-0.0448526031329521,,,,,,,,,,,,,,,,,,,,,,,,,,,,,,,,,,,,,,
,,1190000,0.0981374956549042,0.11975645036499,,,,,,,,,,,,,,,,,,,,,,,,,,,,,,,,,,,,,,
,,1200000,-0.0829324631928325,0.11975645036499,,,,,,,,,,,,,,,,,,,,,,,,,,,,,,,,,,,,,,
,,1210000,0.0322938742557272,0.11975645036499,,,,,,,,,,,,,,,,,,,,,,,,,,,,,,,,,,,,,,
,,1220000,0.0158329689059329,0.11975645036499,,,,,,,,,,,,,,,,,,,,,,,,,,,,,,,,,,,,,,
,,1230000,-0.0170888417936556,0.11975645036499,,,,,,,,,,,,,,,,,,,,,,,,,,,,,,,,,,,,,,
,,1240000,-0.132315179242215,0.11975645036499,,,,,,,,,,,,,,,,,,,,,,,,,,,,,,,,,,,,,,
,,1250000,0.229824738453258,0.11975645036499,,,,,,,,,,,,,,,,,,,,,,,,,,,,,,,,,,,,,,
,,1260000,-0.165236989941804,-0.0448526031329521,,,,,,,,,,,,,,,,,,,,,,,,,,,,,,,,,,,,,,
,,1270000,0.0981374956549042,0.284365503862933,,,,,,,,,,,,,,,,,,,,,,,,,,,,,,,,,,,,,,
,,1280000,-0.000627936443861277,0.11975645036499,,,,,,,,,,,,,,,,,,,,,,,,,,,,,,,,,,,,,,
,,1290000,-0.0993933685426268,0.11975645036499,,,,,,,,,,,,,,,,,,,,,,,,,,,,,,,,,,,,,,
,,1300000,0.19690292775367,0.11975645036499,,,,,,,,,,,,,,,,,,,,,,,,,,,,,,,,,,,,,,
,,1310000,-0.198158800641392,0.11975645036499,,,,,,,,,,,,,,,,,,,,,,,,,,,,,,,,,,,,,,
,,1320000,0.246285643803052,0.11975645036499,,,,,,,,,,,,,,,,,,,,,,,,,,,,,,,,,,,,,,
,,1330000,-0.0829324631928325,0.11975645036499,,,,,,,,,,,,,,,,,,,,,,,,,,,,,,,,,,,,,,
,,1340000,-0.14877608459201,0.11975645036499,,,,,,,,,,,,,,,,,,,,,,,,,,,,,,,,,,,,,,
,,1350000,0.295668359852435,0.11975645036499,,,,,,,,,,,,,,,,,,,,,,,,,,,,,,,,,,,,,,
,,1360000,-0.329846043439746,0.11975645036499,,,,,,,,,,,,,,,,,,,,,,,,,,,,,,,,,,,,,,
,,1370000,0.229824738453258,0.77819266435676,,,,,,,,,,,,,,,,,,,,,,,,,,,,,,,,,,,,,,
,,1380000,-0.0170888417936556,-1.36172503111649,,,,,,,,,,,,,,,,,,,,,,,,,,,,,,,,,,,,,,
,,1390000,-0.231080611340981,1.43662887834853,,,,,,,,,,,,,,,,,,,,,,,,,,,,,,,,,,,,,,
,,1400000,0.3944337919512,-1.36172503111649,,,,,,,,,,,,,,,,,,,,,,,,,,,,,,,,,,,,,,
,,1410000,-0.445072380888306,0.77819266435676,,,,,,,,,,,,,,,,,,,,,,,,,,,,,,,,,,,,,,
,,1420000,0.312129265202229,0.613583610858818,,,,,,,,,,,,,,,,,,,,,,,,,,,,,,,,,,,,,,
,,1430000,-0.0335497471434498,-1.19711597761855,,,,,,,,,,,,,,,,,,,,,,,,,,,,,,,,,,,,,,
,,1440000,-0.247541516690775,2.25967414583824,,,,,,,,,,,,,,,,,,,,,,,,,,,,,,,,,,,,,,
,,1450000,0.443816508000583,-1.85555219161032,,,,,,,,,,,,,,,,,,,,,,,,,,,,,,,,,,,,,,
,,1460000,-0.445072380888306,0.77819266435676,,,,,,,,,,,,,,,,,,,,,,,,,,,,,,,,,,,,,,
,,1470000,0.345051075901818,0.613583610858818,,,,,,,,,,,,,,,,,,,,,,,,,,,,,,,,,,,,,,
,,1480000,-0.0829324631928325,-1.19711597761855,,,,,,,,,,,,,,,,,,,,,,,,,,,,,,,,,,,,,,
,,1490000,-0.181697895291598,1.43662887834853,,,,,,,,,,,,,,,,,,,,,,,,,,,,,,,,,,,,,,
,,1500000,0.361511981251612,-0.703288817124721,,,,,,,,,,,,,,,,,,,,,,,,,,,,,,,,,,,,,,
,,1510000,-0.34630694878954,0.11975645036499,,,,,,,,,,,,,,,,,,,,,,,,,,,,,,,,,,,,,,
,,1520000,0.180442022403875,0.942801717854702,,,,,,,,,,,,,,,,,,,,,,,,,,,,,,,,,,,,,,
,,1530000,-0.000627936443861277,-1.36172503111649,,,,,,,,,,,,,,,,,,,,,,,,,,,,,,,,,,,,,,
,,1540000,-0.132315179242215,1.43662887834853,,,,,,,,,,,,,,,,,,,,,,,,,,,,,,,,,,,,,,
,,1550000,0.114598401004698,-0.867897870622664,,,,,,,,,,,,,,,,,,,,,,,,,,,,,,,,,,,,,,
,,1560000,-0.14877608459201,0.284365503862933,,,,,,,,,,,,,,,,,,,,,,,,,,,,,,,,,,,,,,
,,1570000,0.0981374956549042,0.77819266435676,,,,,,,,,,,,,,,,,,,,,,,,,,,,,,,,,,,,,,
,,1580000,0.0158329689059329,-1.03250692412061,,,,,,,,,,,,,,,,,,,,,,,,,,,,,,,,,,,,,,
,,1590000,-0.115854273892421,1.27201982485059,,,,,,,,,,,,,,,,,,,,,,,,,,,,,,,,,,,,,,
,,1600000,0.147520211704287,-1.36172503111649,,,,,,,,,,,,,,,,,,,,,,,,,,,,,,,,,,,,,,
,,1610000,-0.115854273892421,0.942801717854702,,,,,,,,,,,,,,,,,,,,,,,,,,,,,,,,,,,,,,
,,1620000,0.0816765903051099,-0.0448526031329521,,,,,,,,,,,,,,,,,,,,,,,,,,,,,,,,,,,,,,
,,1630000,0.0322938742557272,0.284365503862933,,,,,,,,,,,,,,,,,,,,,,,,,,,,,,,,,,,,,,
,,1640000,-0.0335497471434498,0.11975645036499,,,,,,,,,,,,,,,,,,,,,,,,,,,,,,,,,,,,,,
,,1650000,-0.0335497471434498,-0.374070710128836,,,,,,,,,,,,,,,,,,,,,,,,,,,,,,,,,,,,,,
,,1660000,0.0816765903051099,0.77819266435676,,,,,,,,,,,,,,,,,,,,,,,,,,,,,,,,,,,,,,
,,1670000,-0.0335497471434498,-0.867897870622664,,,,,,,,,,,,,,,,,,,,,,,,,,,,,,,,,,,,,,
,,1680000,-0.000627936443861277,0.77819266435676,,,,,,,,,,,,,,,,,,,,,,,,,,,,,,,,,,,,,,
,,1690000,0.0322938742557272,-0.0448526031329521,,,,,,,,,,,,,,,,,,,,,,,,,,,,,,,,,,,,,,
,,1700000,-0.0170888417936556,-0.0448526031329521,,,,,,,,,,,,,,,,,,,,,,,,,,,,,,,,,,,,,,
,,1710000,0.0487547796055214,0.284365503862933,,,,,,,,,,,,,,,,,,,,,,,,,,,,,,,,,,,,,,
,,1720000,0.0158329689059329,-0.0448526031329521,,,,,,,,,,,,,,,,,,,,,,,,,,,,,,,,,,,,,,
,,1730000,-0.0335497471434498,-0.0448526031329521,,,,,,,,,,,,,,,,,,,,,,,,,,,,,,,,,,,,,,
,,1740000,0.0322938742557272,0.284365503862933,,,,,,,,,,,,,,,,,,,,,,,,,,,,,,,,,,,,,,
,,1750000,-0.0170888417936556,-0.374070710128836,,,,,,,,,,,,,,,,,,,,,,,,,,,,,,,,,,,,,,
,,1760000,0.0158329689059329,0.613583610858818,,,,,,,,,,,,,,,,,,,,,,,,,,,,,,,,,,,,,,
,,1770000,0.0322938742557272,0.284365503862933,,,,,,,,,,,,,,,,,,,,,,,,,,,,,,,,,,,,,,
,,1780000,-0.0335497471434498,-0.867897870622664,,,,,,,,,,,,,,,,,,,,,,,,,,,,,,,,,,,,,,
,,1790000,0.0487547796055214,1.60123793184647,,,,,,,,,,,,,,,,,,,,,,,,,,,,,,,,,,,,,,
,,1800000,-0.0170888417936556,-0.867897870622664,,,,,,,,,,,,,,,,,,,,,,,,,,,,,,,,,,,,,,
,,1810000,0.0158329689059329,0.11975645036499,,,,,,,,,,,,,,,,,,,,,,,,,,,,,,,,,,,,,,
,,1820000,0.0158329689059329,1.10741077135264,,,,,,,,,,,,,,,,,,,,,,,,,,,,,,,,,,,,,,
,,1830000,-0.0335497471434498,-1.52633408461443,,,,,,,,,,,,,,,,,,,,,,,,,,,,,,,,,,,,,,
,,1840000,0.0487547796055214,1.60123793184647,,,,,,,,,,,,,,,,,,,,,,,,,,,,,,,,,,,,,,
,,1850000,-0.050010652493244,-0.703288817124721,,,,,,,,,,,,,,,,,,,,,,,,,,,,,,,,,,,,,,
,,1860000,-0.0335497471434498,-0.209461656630895,,,,,,,,,,,,,,,,,,,,,,,,,,,,,,,,,,,,,,
,,1870000,0.0652156849553156,1.43662887834853,,,,,,,,,,,,,,,,,,,,,,,,,,,,,,,,,,,,,,
,,1880000,-0.0829324631928325,-1.52633408461443,,,,,,,,,,,,,,,,,,,,,,,,,,,,,,,,,,,,,,
,,1890000,0.131059306354493,1.43662887834853,,,,,,,,,,,,,,,,,,,,,,,,,,,,,,,,,,,,,,
,,1900000,-0.0993933685426268,-0.538679763626779,,,,,,,,,,,,,,,,,,,,,,,,,,,,,,,,,,,,,,
,,1910000,0.0487547796055214,-0.374070710128836,,,,,,,,,,,,,,,,,,,,,,,,,,,,,,,,,,,,,,
,,1920000,0.0652156849553156,1.43662887834853,,,,,,,,,,,,,,,,,,,,,,,,,,,,,,,,,,,,,,
,,1930000,-0.165236989941804,-1.69094313811238,,,,,,,,,,,,,,,,,,,,,,,,,,,,,,,,,,,,,,
,,1940000,0.229824738453258,1.43662887834853,,,,,,,,,,,,,,,,,,,,,,,,,,,,,,,,,,,,,,
,,1950000,-0.181697895291598,-0.374070710128836,,,,,,,,,,,,,,,,,,,,,,,,,,,,,,,,,,,,,,
,,1960000,0.0322938742557272,-0.703288817124721,,,,,,,,,,,,,,,,,,,,,,,,,,,,,,,,,,,,,,
,,1970000,0.0981374956549042,1.76584698534441,,,,,,,,,,,,,,,,,,,,,,,,,,,,,,,,,,,,,,
,,1980000,-0.132315179242215,-1.52633408461443,,,,,,,,,,,,,,,,,,,,,,,,,,,,,,,,,,,,,,
,,1990000,0.131059306354493,0.77819266435676,,,,,,,,,,,,,,,,,,,,,,,,,,,,,,,,,,,,,,
,,2000000,-0.0829324631928325,-0.0448526031329521,,,,,,,,,,,,,,,,,,,,,,,,,,,,,,,,,,,,,,
,,2010000,-0.0335497471434498,0.11975645036499,,,,,,,,,,,,,,,,,,,,,,,,,,,,,,,,,,,,,,
,,2020000,0.131059306354493,0.11975645036499,,,,,,,,,,,,,,,,,,,,,,,,,,,,,,,,,,,,,,
,,2030000,-0.165236989941804,-0.0448526031329521,,,,,,,,,,,,,,,,,,,,,,,,,,,,,,,,,,,,,,
,,2040000,0.131059306354493,-0.0448526031329521,,,,,,,,,,,,,,,,,,,,,,,,,,,,,,,,,,,,,,
,,2050000,-0.050010652493244,0.11975645036499,,,,,,,,,,,,,,,,,,,,,,,,,,,,,,,,,,,,,,
,,2060000,-0.050010652493244,0.11975645036499,,,,,,,,,,,,,,,,,,,,,,,,,,,,,,,,,,,,,,
,,2070000,0.131059306354493,-0.0448526031329521,,,,,,,,,,,,,,,,,,,,,,,,,,,,,,,,,,,,,,
,,2080000,-0.165236989941804,0.11975645036499,,,,,,,,,,,,,,,,,,,,,,,,,,,,,,,,,,,,,,
,,2090000,0.131059306354493,0.11975645036499,,,,,,,,,,,,,,,,,,,,,,,,,,,,,,,,,,,,,,
,,2100000,-0.000627936443861277,-0.0448526031329521,,,,,,,,,,,,,,,,,,,,,,,,,,,,,,,,,,,,,,
,,2110000,-0.0664715578430383,0.284365503862933,,,,,,,,,,,,,,,,,,,,,,,,,,,,,,,,,,,,,,
,,2120000,0.0652156849553156,-0.209461656630895,,,,,,,,,,,,,,,,,,,,,,,,,,,,,,,,,,,,,,
,,2130000,-0.0335497471434498,0.284365503862933,,,,,,,,,,,,,,,,,,,,,,,,,,,,,,,,,,,,,,
,,2140000,-0.0335497471434498,-0.209461656630895,,,,,,,,,,,,,,,,,,,,,,,,,,,,,,,,,,,,,,
,,2150000,0.0487547796055214,0.11975645036499,,,,,,,,,,,,,,,,,,,,,,,,,,,,,,,,,,,,,,
,,2160000,-0.0335497471434498,0.284365503862933,,,,,,,,,,,,,,,,,,,,,,,,,,,,,,,,,,,,,,
,,2170000,-0.050010652493244,-0.0448526031329521,,,,,,,,,,,,,,,,,,,,,,,,,,,,,,,,,,,,,,
,,2180000,0.0816765903051099,0.11975645036499,,,,,,,,,,,,,,,,,,,,,,,,,,,,,,,,,,,,,,
,,2190000,-0.0664715578430383,0.11975645036499,,,,,,,,,,,,,,,,,,,,,,,,,,,,,,,,,,,,,,
,,2200000,0.0487547796055214,-0.209461656630895,,,,,,,,,,,,,,,,,,,,,,,,,,,,,,,,,,,,,,
,,2210000,-0.0335497471434498,0.284365503862933,,,,,,,,,,,,,,,,,,,,,,,,,,,,,,,,,,,,,,
,,2220000,-0.000627936443861277,-0.209461656630895,,,,,,,,,,,,,,,,,,,,,,,,,,,,,,,,,,,,,,
,,2230000,0.0322938742557272,0.284365503862933,,,,,,,,,,,,,,,,,,,,,,,,,,,,,,,,,,,,,,
,,2240000,-0.0170888417936556,-0.0448526031329521,,,,,,,,,,,,,,,,,,,,,,,,,,,,,,,,,,,,,,
,,2250000,-0.000627936443861277,0.11975645036499,,,,,,,,,,,,,,,,,,,,,,,,,,,,,,,,,,,,,,
,,2260000,-0.000627936443861277,0.284365503862933,,,,,,,,,,,,,,,,,,,,,,,,,,,,,,,,,,,,,,
,,2270000,-0.0335497471434498,-0.374070710128836,,,,,,,,,,,,,,,,,,,,,,,,,,,,,,,,,,,,,,
,,2280000,0.0322938742557272,0.77819266435676,,,,,,,,,,,,,,,,,,,,,,,,,,,,,,,,,,,,,,
,,2290000,-0.050010652493244,-0.703288817124721,,,,,,,,,,,,,,,,,,,,,,,,,,,,,,,,,,,,,,
,,2300000,0.0158329689059329,0.448974557360875,,,,,,,,,,,,,,,,,,,,,,,,,,,,,,,,,,,,,,
,,2310000,0.0158329689059329,0.284365503862933,,,,,,,,,,,,,,,,,,,,,,,,,,,,,,,,,,,,,,
,,2320000,-0.0170888417936556,-0.538679763626779,,,,,,,,,,,,,,,,,,,,,,,,,,,,,,,,,,,,,,
,,2330000,0.0158329689059329,0.942801717854702,,,,,,,,,,,,,,,,,,,,,,,,,,,,,,,,,,,,,,
,,2340000,-0.0170888417936556,-0.703288817124721,,,,,,,,,,,,,,,,,,,,,,,,,,,,,,,,,,,,,,
,,2350000,-0.000627936443861277,0.284365503862933,,,,,,,,,,,,,,,,,,,,,,,,,,,,,,,,,,,,,,
,,2360000,0.0487547796055214,0.448974557360875,,,,,,,,,,,,,,,,,,,,,,,,,,,,,,,,,,,,,,
,,2370000,-0.050010652493244,-0.867897870622664,,,,,,,,,,,,,,,,,,,,,,,,,,,,,,,,,,,,,,
,,2380000,-0.000627936443861277,1.10741077135264,,,,,,,,,,,,,,,,,,,,,,,,,,,,,,,,,,,,,,
,,2390000,0.0322938742557272,-0.703288817124721,,,,,,,,,,,,,,,,,,,,,,,,,,,,,,,,,,,,,,
,,2400000,-0.0664715578430383,0.284365503862933,,,,,,,,,,,,,,,,,,,,,,,,,,,,,,,,,,,,,,
,,2410000,0.0487547796055214,0.448974557360875,,,,,,,,,,,,,,,,,,,,,,,,,,,,,,,,,,,,,,
,,2420000,-0.0170888417936556,-0.703288817124721,,,,,,,,,,,,,,,,,,,,,,,,,,,,,,,,,,,,,,
,,2430000,-0.0335497471434498,0.942801717854702,,,,,,,,,,,,,,,,,,,,,,,,,,,,,,,,,,,,,,
,,2440000,0.0487547796055214,-0.538679763626779,,,,,,,,,,,,,,,,,,,,,,,,,,,,,,,,,,,,,,
,,2450000,-0.050010652493244,0.11975645036499,,,,,,,,,,,,,,,,,,,,,,,,,,,,,,,,,,,,,,
,,2460000,0.0487547796055214,0.448974557360875,,,,,,,,,,,,,,,,,,,,,,,,,,,,,,,,,,,,,,
,,2470000,-0.000627936443861277,-0.538679763626779,,,,,,,,,,,,,,,,,,,,,,,,,,,,,,,,,,,,,,
,,2480000,-0.050010652493244,0.448974557360875,,,,,,,,,,,,,,,,,,,,,,,,,,,,,,,,,,,,,,
,,2490000,0.0816765903051099,-0.0448526031329521,,,,,,,,,,,,,,,,,,,,,,,,,,,,,,,,,,,,,,
,,2500000,-0.0664715578430383,-0.0448526031329521,,,,,,,,,,,,,,,,,,,,,,,,,,,,,,,,,,,,,,
,,2510000,0.0158329689059329,0.11975645036499,,,,,,,,,,,,,,,,,,,,,,,,,,,,,,,,,,,,,,
,,2520000,0.0158329689059329,0.11975645036499,,,,,,,,,,,,,,,,,,,,,,,,,,,,,,,,,,,,,,
,,2530000,-0.050010652493244,-0.0448526031329521,,,,,,,,,,,,,,,,,,,,,,,,,,,,,,,,,,,,,,
,,2540000,0.0652156849553156,-0.0448526031329521,,,,,,,,,,,,,,,,,,,,,,,,,,,,,,,,,,,,,,
,,2550000,-0.0335497471434498,0.284365503862933,,,,,,,,,,,,,,,,,,,,,,,,,,,,,,,,,,,,,,
,,2560000,0.0158329689059329,-0.0448526031329521,,,,,,,,,,,,,,,,,,,,,,,,,,,,,,,,,,,,,,
,,2570000,0.0322938742557272,0.11975645036499,,,,,,,,,,,,,,,,,,,,,,,,,,,,,,,,,,,,,,
,,2580000,-0.0170888417936556,0.11975645036499,,,,,,,,,,,,,,,,,,,,,,,,,,,,,,,,,,,,,,
,,2590000,-0.0335497471434498,-0.0448526031329521,,,,,,,,,,,,,,,,,,,,,,,,,,,,,,,,,,,,,,
,,2600000,0.0487547796055214,0.284365503862933,,,,,,,,,,,,,,,,,,,,,,,,,,,,,,,,,,,,,,
,,2610000,-0.0335497471434498,-0.0448526031329521,,,,,,,,,,,,,,,,,,,,,,,,,,,,,,,,,,,,,,
,,2620000,0.0652156849553156,0.284365503862933,,,,,,,,,,,,,,,,,,,,,,,,,,,,,,,,,,,,,,
,,2630000,-0.050010652493244,-0.0448526031329521,,,,,,,,,,,,,,,,,,,,,,,,,,,,,,,,,,,,,,
,,2640000,0.0322938742557272,0.11975645036499,,,,,,,,,,,,,,,,,,,,,,,,,,,,,,,,,,,,,,
,,2650000,-0.0170888417936556,-0.0448526031329521,,,,,,,,,,,,,,,,,,,,,,,,,,,,,,,,,,,,,,
,,2660000,0.0158329689059329,0.11975645036499,,,,,,,,,,,,,,,,,,,,,,,,,,,,,,,,,,,,,,
,,2670000,0.0158329689059329,0.11975645036499,,,,,,,,,,,,,,,,,,,,,,,,,,,,,,,,,,,,,,
,,2680000,-0.0335497471434498,-0.209461656630895,,,,,,,,,,,,,,,,,,,,,,,,,,,,,,,,,,,,,,
,,2690000,0.0487547796055214,0.284365503862933,,,,,,,,,,,,,,,,,,,,,,,,,,,,,,,,,,,,,,
,,2700000,-0.0664715578430383,-0.209461656630895,,,,,,,,,,,,,,,,,,,,,,,,,,,,,,,,,,,,,,
,,2710000,0.0158329689059329,0.284365503862933,,,,,,,,,,,,,,,,,,,,,,,,,,,,,,,,,,,,,,
,,2720000,-0.0170888417936556,-0.0448526031329521,,,,,,,,,,,,,,,,,,,,,,,,,,,,,,,,,,,,,,
,,2730000,-0.0170888417936556,-0.0448526031329521,,,,,,,,,,,,,,,,,,,,,,,,,,,,,,,,,,,,,,
,,2740000,0.0322938742557272,0.11975645036499,,,,,,,,,,,,,,,,,,,,,,,,,,,,,,,,,,,,,,
,,2750000,-0.0335497471434498,-0.209461656630895,,,,,,,,,,,,,,,,,,,,,,,,,,,,,,,,,,,,,,
,,2760000,0.0322938742557272,0.11975645036499,,,,,,,,,,,,,,,,,,,,,,,,,,,,,,,,,,,,,,
,,2770000,0.0322938742557272,0.284365503862933,,,,,,,,,,,,,,,,,,,,,,,,,,,,,,,,,,,,,,
,,2780000,-0.050010652493244,-0.209461656630895,,,,,,,,,,,,,,,,,,,,,,,,,,,,,,,,,,,,,,
,,2790000,0.0487547796055214,0.448974557360875,,,,,,,,,,,,,,,,,,,,,,,,,,,,,,,,,,,,,,
,,2800000,-0.0335497471434498,-0.0448526031329521,,,,,,,,,,,,,,,,,,,,,,,,,,,,,,,,,,,,,,
,,2810000,-0.000627936443861277,0.11975645036499,,,,,,,,,,,,,,,,,,,,,,,,,,,,,,,,,,,,,,
,,2820000,0.0487547796055214,0.11975645036499,,,,,,,,,,,,,,,,,,,,,,,,,,,,,,,,,,,,,,
,,2830000,-0.0664715578430383,-0.0448526031329521,,,,,,,,,,,,,,,,,,,,,,,,,,,,,,,,,,,,,,
,,2840000,0.0487547796055214,0.284365503862933,,,,,,,,,,,,,,,,,,,,,,,,,,,,,,,,,,,,,,
,,2850000,-0.0664715578430383,-0.209461656630895,,,,,,,,,,,,,,,,,,,,,,,,,,,,,,,,,,,,,,
,,2860000,0.0158329689059329,0.284365503862933,,,,,,,,,,,,,,,,,,,,,,,,,,,,,,,,,,,,,,
,,2870000,-0.000627936443861277,-0.0448526031329521,,,,,,,,,,,,,,,,,,,,,,,,,,,,,,,,,,,,,,
,,2880000,0.0158329689059329,0.11975645036499,,,,,,,,,,,,,,,,,,,,,,,,,,,,,,,,,,,,,,
,,2890000,-0.050010652493244,0.284365503862933,,,,,,,,,,,,,,,,,,,,,,,,,,,,,,,,,,,,,,
,,2900000,0.0322938742557272,-0.209461656630895,,,,,,,,,,,,,,,,,,,,,,,,,,,,,,,,,,,,,,
,,2910000,-0.0664715578430383,0.284365503862933,,,,,,,,,,,,,,,,,,,,,,,,,,,,,,,,,,,,,,
,,2920000,0.0487547796055214,-0.0448526031329521,,,,,,,,,,,,,,,,,,,,,,,,,,,,,,,,,,,,,,
,,2930000,-0.0170888417936556,-0.0448526031329521,,,,,,,,,,,,,,,,,,,,,,,,,,,,,,,,,,,,,,
,,2940000,-0.0335497471434498,0.284365503862933,,,,,,,,,,,,,,,,,,,,,,,,,,,,,,,,,,,,,,
,,2950000,0.0652156849553156,-0.0448526031329521,,,,,,,,,,,,,,,,,,,,,,,,,,,,,,,,,,,,,,
,,2960000,-0.0664715578430383,0.11975645036499,,,,,,,,,,,,,,,,,,,,,,,,,,,,,,,,,,,,,,
,,2970000,0.0487547796055214,0.11975645036499,,,,,,,,,,,,,,,,,,,,,,,,,,,,,,,,,,,,,,
,,2980000,-0.000627936443861277,-0.0448526031329521,,,,,,,,,,,,,,,,,,,,,,,,,,,,,,,,,,,,,,
,,2990000,-0.050010652493244,0.284365503862933,,,,,,,,,,,,,,,,,,,,,,,,,,,,,,,,,,,,,,
,,3000000,0.0487547796055214,-0.0448526031329521,,,,,,,,,,,,,,,,,,,,,,,,,,,,,,,,,,,,,,
,,3010000,-0.050010652493244,0.11975645036499,,,,,,,,,,,,,,,,,,,,,,,,,,,,,,,,,,,,,,
,,3020000,0.0158329689059329,0.11975645036499,,,,,,,,,,,,,,,,,,,,,,,,,,,,,,,,,,,,,,
,,3030000,-0.000627936443861277,0.11975645036499,,,,,,,,,,,,,,,,,,,,,,,,,,,,,,,,,,,,,,
,,3040000,-0.0335497471434498,-0.0448526031329521,,,,,,,,,,,,,,,,,,,,,,,,,,,,,,,,,,,,,,
,,3050000,0.0652156849553156,0.11975645036499,,,,,,,,,,,,,,,,,,,,,,,,,,,,,,,,,,,,,,
,,3060000,-0.0993933685426268,-0.0448526031329521,,,,,,,,,,,,,,,,,,,,,,,,,,,,,,,,,,,,,,
,,3070000,0.114598401004698,0.284365503862933,,,,,,,,,,,,,,,,,,,,,,,,,,,,,,,,,,,,,,
,,3080000,-0.0335497471434498,0.11975645036499,,,,,,,,,,,,,,,,,,,,,,,,,,,,,,,,,,,,,,
,,3090000,-0.0170888417936556,-0.0448526031329521,,,,,,,,,,,,,,,,,,,,,,,,,,,,,,,,,,,,,,
,,3100000,0.0652156849553156,0.284365503862933,,,,,,,,,,,,,,,,,,,,,,,,,,,,,,,,,,,,,,
,,3110000,-0.0829324631928325,-0.209461656630895,,,,,,,,,,,,,,,,,,,,,,,,,,,,,,,,,,,,,,
,,3120000,0.0816765903051099,0.11975645036499,,,,,,,,,,,,,,,,,,,,,,,,,,,,,,,,,,,,,,
,,3130000,-0.050010652493244,0.284365503862933,,,,,,,,,,,,,,,,,,,,,,,,,,,,,,,,,,,,,,
,,3140000,0.0158329689059329,-0.209461656630895,,,,,,,,,,,,,,,,,,,,,,,,,,,,,,,,,,,,,,
,,3150000,0.0487547796055214,0.284365503862933,,,,,,,,,,,,,,,,,,,,,,,,,,,,,,,,,,,,,,
,,3160000,-0.0664715578430383,-0.0448526031329521,,,,,,,,,,,,,,,,,,,,,,,,,,,,,,,,,,,,,,
,,3170000,0.0816765903051099,-0.0448526031329521,,,,,,,,,,,,,,,,,,,,,,,,,,,,,,,,,,,,,,
,,3180000,-0.0829324631928325,0.11975645036499,,,,,,,,,,,,,,,,,,,,,,,,,,,,,,,,,,,,,,
,,3190000,0.0322938742557272,-0.0448526031329521,,,,,,,,,,,,,,,,,,,,,,,,,,,,,,,,,,,,,,
,,3200000,0.0322938742557272,0.284365503862933,,,,,,,,,,,,,,,,,,,,,,,,,,,,,,,,,,,,,,
,,3210000,-0.0829324631928325,-0.0448526031329521,,,,,,,,,,,,,,,,,,,,,,,,,,,,,,,,,,,,,,
,,3220000,0.0981374956549042,0.11975645036499,,,,,,,,,,,,,,,,,,,,,,,,,,,,,,,,,,,,,,
,,3230000,-0.0335497471434498,0.11975645036499,,,,,,,,,,,,,,,,,,,,,,,,,,,,,,,,,,,,,,
,,3240000,-0.0170888417936556,-0.0448526031329521,,,,,,,,,,,,,,,,,,,,,,,,,,,,,,,,,,,,,,
,,3250000,0.0487547796055214,0.11975645036499,,,,,,,,,,,,,,,,,,,,,,,,,,,,,,,,,,,,,,
,,3260000,-0.0170888417936556,-0.0448526031329521,,,,,,,,,,,,,,,,,,,,,,,,,,,,,,,,,,,,,,
,,3270000,-0.000627936443861277,0.11975645036499,,,,,,,,,,,,,,,,,,,,,,,,,,,,,,,,,,,,,,
,,3280000,0.0322938742557272,-0.0448526031329521,,,,,,,,,,,,,,,,,,,,,,,,,,,,,,,,,,,,,,
,,3290000,-0.0170888417936556,0.11975645036499,,,,,,,,,,,,,,,,,,,,,,,,,,,,,,,,,,,,,,
,,3300000,-0.000627936443861277,0.11975645036499,,,,,,,,,,,,,,,,,,,,,,,,,,,,,,,,,,,,,,
,,3310000,-0.0170888417936556,0.11975645036499,,,,,,,,,,,,,,,,,,,,,,,,,,,,,,,,,,,,,,
,,3320000,-0.000627936443861277,0.11975645036499,,,,,,,,,,,,,,,,,,,,,,,,,,,,,,,,,,,,,,
,,3330000,0.0322938742557272,-0.0448526031329521,,,,,,,,,,,,,,,,,,,,,,,,,,,,,,,,,,,,,,
,,3340000,-0.0335497471434498,0.11975645036499,,,,,,,,,,,,,,,,,,,,,,,,,,,,,,,,,,,,,,
,,3350000,0.0158329689059329,0.11975645036499,,,,,,,,,,,,,,,,,,,,,,,,,,,,,,,,,,,,,,
,,3360000,0.0158329689059329,0.11975645036499,,,,,,,,,,,,,,,,,,,,,,,,,,,,,,,,,,,,,,
,,3370000,-0.0170888417936556,-0.0448526031329521,,,,,,,,,,,,,,,,,,,,,,,,,,,,,,,,,,,,,,
,,3380000,0.0158329689059329,-0.0448526031329521,,,,,,,,,,,,,,,,,,,,,,,,,,,,,,,,,,,,,,
,,3390000,-0.000627936443861277,0.11975645036499,,,,,,,,,,,,,,,,,,,,,,,,,,,,,,,,,,,,,,
,,3400000,-0.0170888417936556,-0.0448526031329521,,,,,,,,,,,,,,,,,,,,,,,,,,,,,,,,,,,,,,
,,3410000,0.0322938742557272,0.11975645036499,,,,,,,,,,,,,,,,,,,,,,,,,,,,,,,,,,,,,,
,,3420000,-0.0335497471434498,0.11975645036499,,,,,,,,,,,,,,,,,,,,,,,,,,,,,,,,,,,,,,
,,3430000,0.0322938742557272,-0.0448526031329521,,,,,,,,,,,,,,,,,,,,,,,,,,,,,,,,,,,,,,
,,3440000,0.0158329689059329,0.284365503862933,,,,,,,,,,,,,,,,,,,,,,,,,,,,,,,,,,,,,,
,,3450000,-0.050010652493244,-0.0448526031329521,,,,,,,,,,,,,,,,,,,,,,,,,,,,,,,,,,,,,,
,,3460000,0.0487547796055214,0.11975645036499,,,,,,,,,,,,,,,,,,,,,,,,,,,,,,,,,,,,,,
,,3470000,-0.0170888417936556,0.11975645036499,,,,,,,,,,,,,,,,,,,,,,,,,,,,,,,,,,,,,,
,,3480000,0.0158329689059329,0.11975645036499,,,,,,,,,,,,,,,,,,,,,,,,,,,,,,,,,,,,,,
,,3490000,0.0158329689059329,0.11975645036499,,,,,,,,,,,,,,,,,,,,,,,,,,,,,,,,,,,,,,
,,3500000,0.0158329689059329,0.11975645036499,,,,,,,,,,,,,,,,,,,,,,,,,,,,,,,,,,,,,,
,,3510000,-0.0335497471434498,0.11975645036499,,,,,,,,,,,,,,,,,,,,,,,,,,,,,,,,,,,,,,
,,3520000,0.0158329689059329,0.11975645036499,,,,,,,,,,,,,,,,,,,,,,,,,,,,,,,,,,,,,,
,,3530000,-0.000627936443861277,0.11975645036499,,,,,,,,,,,,,,,,,,,,,,,,,,,,,,,,,,,,,,
,,3540000,0.0158329689059329,0.11975645036499,,,,,,,,,,,,,,,,,,,,,,,,,,,,,,,,,,,,,,
,,3550000,-0.0170888417936556,0.11975645036499,,,,,,,,,,,,,,,,,,,,,,,,,,,,,,,,,,,,,,
,,3560000,0.0322938742557272,-0.0448526031329521,,,,,,,,,,,,,,,,,,,,,,,,,,,,,,,,,,,,,,
,,3570000,-0.000627936443861277,0.11975645036499,,,,,,,,,,,,,,,,,,,,,,,,,,,,,,,,,,,,,,
,,3580000,-0.000627936443861277,0.11975645036499,,,,,,,,,,,,,,,,,,,,,,,,,,,,,,,,,,,,,,
,,3590000,0.0158329689059329,-0.0448526031329521,,,,,,,,,,,,,,,,,,,,,,,,,,,,,,,,,,,,,,
,,3600000,-0.000627936443861277,0.11975645036499,,,,,,,,,,,,,,,,,,,,,,,,,,,,,,,,,,,,,,
,,3610000,-0.0170888417936556,0.11975645036499,,,,,,,,,,,,,,,,,,,,,,,,,,,,,,,,,,,,,,
,,3620000,-0.000627936443861277,0.11975645036499,,,,,,,,,,,,,,,,,,,,,,,,,,,,,,,,,,,,,,
,,3630000,-0.0170888417936556,0.11975645036499,,,,,,,,,,,,,,,,,,,,,,,,,,,,,,,,,,,,,,
,,3640000,0.0158329689059329,0.11975645036499,,,,,,,,,,,,,,,,,,,,,,,,,,,,,,,,,,,,,,
,,3650000,-0.0335497471434498,0.11975645036499,,,,,,,,,,,,,,,,,,,,,,,,,,,,,,,,,,,,,,
,,3660000,0.0487547796055214,0.11975645036499,,,,,,,,,,,,,,,,,,,,,,,,,,,,,,,,,,,,,,
,,3670000,0.0322938742557272,-0.0448526031329521,,,,,,,,,,,,,,,,,,,,,,,,,,,,,,,,,,,,,,
,,3680000,-0.050010652493244,0.11975645036499,,,,,,,,,,,,,,,,,,,,,,,,,,,,,,,,,,,,,,
,,3690000,0.0652156849553156,-0.0448526031329521,,,,,,,,,,,,,,,,,,,,,,,,,,,,,,,,,,,,,,
,,3700000,-0.0993933685426268,0.11975645036499,,,,,,,,,,,,,,,,,,,,,,,,,,,,,,,,,,,,,,
,,3710000,0.0816765903051099,0.11975645036499,,,,,,,,,,,,,,,,,,,,,,,,,,,,,,,,,,,,,,
,,3720000,-0.000627936443861277,0.11975645036499,,,,,,,,,,,,,,,,,,,,,,,,,,,,,,,,,,,,,,
,,3730000,-0.0664715578430383,0.11975645036499,,,,,,,,,,,,,,,,,,,,,,,,,,,,,,,,,,,,,,
,,3740000,0.0981374956549042,-0.0448526031329521,,,,,,,,,,,,,,,,,,,,,,,,,,,,,,,,,,,,,,
,,3750000,-0.0664715578430383,0.11975645036499,,,,,,,,,,,,,,,,,,,,,,,,,,,,,,,,,,,,,,
,,3760000,0.0487547796055214,0.11975645036499,,,,,,,,,,,,,,,,,,,,,,,,,,,,,,,,,,,,,,
,,3770000,0.0158329689059329,-0.0448526031329521,,,,,,,,,,,,,,,,,,,,,,,,,,,,,,,,,,,,,,
,,3780000,-0.050010652493244,0.284365503862933,,,,,,,,,,,,,,,,,,,,,,,,,,,,,,,,,,,,,,
,,3790000,0.0816765903051099,-0.0448526031329521,,,,,,,,,,,,,,,,,,,,,,,,,,,,,,,,,,,,,,
,,3800000,-0.0664715578430383,0.11975645036499,,,,,,,,,,,,,,,,,,,,,,,,,,,,,,,,,,,,,,
,,3810000,0.0322938742557272,0.11975645036499,,,,,,,,,,,,,,,,,,,,,,,,,,,,,,,,,,,,,,
,,3820000,0.0158329689059329,0.11975645036499,,,,,,,,,,,,,,,,,,,,,,,,,,,,,,,,,,,,,,
,,3830000,-0.0829324631928325,-0.0448526031329521,,,,,,,,,,,,,,,,,,,,,,,,,,,,,,,,,,,,,,
,,3840000,0.0981374956549042,0.11975645036499,,,,,,,,,,,,,,,,,,,,,,,,,,,,,,,,,,,,,,
,,3850000,-0.050010652493244,-0.0448526031329521,,,,,,,,,,,,,,,,,,,,,,,,,,,,,,,,,,,,,,
,,3860000,0.0158329689059329,0.11975645036499,,,,,,,,,,,,,,,,,,,,,,,,,,,,,,,,,,,,,,
,,3870000,0.0322938742557272,0.11975645036499,,,,,,,,,,,,,,,,,,,,,,,,,,,,,,,,,,,,,,
,,3880000,-0.050010652493244,-0.0448526031329521,,,,,,,,,,,,,,,,,,,,,,,,,,,,,,,,,,,,,,
,,3890000,0.0487547796055214,0.284365503862933,,,,,,,,,,,,,,,,,,,,,,,,,,,,,,,,,,,,,,
,,3900000,-0.050010652493244,0.11975645036499,,,,,,,,,,,,,,,,,,,,,,,,,,,,,,,,,,,,,,
,,3910000,0.0158329689059329,0.11975645036499,,,,,,,,,,,,,,,,,,,,,,,,,,,,,,,,,,,,,,
,,3920000,-0.000627936443861277,0.11975645036499,,,,,,,,,,,,,,,,,,,,,,,,,,,,,,,,,,,,,,
,,3930000,0.0322938742557272,-0.0448526031329521,,,,,,,,,,,,,,,,,,,,,,,,,,,,,,,,,,,,,,
,,3940000,-0.0170888417936556,0.11975645036499,,,,,,,,,,,,,,,,,,,,,,,,,,,,,,,,,,,,,,
,,3950000,-0.0335497471434498,0.11975645036499,,,,,,,,,,,,,,,,,,,,,,,,,,,,,,,,,,,,,,
,,3960000,0.0158329689059329,0.11975645036499,,,,,,,,,,,,,,,,,,,,,,,,,,,,,,,,,,,,,,
,,3970000,-0.000627936443861277,0.11975645036499,,,,,,,,,,,,,,,,,,,,,,,,,,,,,,,,,,,,,,
,,3980000,-0.0170888417936556,-0.0448526031329521,,,,,,,,,,,,,,,,,,,,,,,,,,,,,,,,,,,,,,
,,3990000,0.0487547796055214,0.284365503862933,,,,,,,,,,,,,,,,,,,,,,,,,,,,,,,,,,,,,,
,,4000000,-0.0664715578430383,-0.0448526031329521,,,,,,,,,,,,,,,,,,,,,,,,,,,,,,,,,,,,,,
,,4010000,0.0487547796055214,0.11975645036499,,,,,,,,,,,,,,,,,,,,,,,,,,,,,,,,,,,,,,
,,4020000,-0.0170888417936556,0.284365503862933,,,,,,,,,,,,,,,,,,,,,,,,,,,,,,,,,,,,,,
,,4030000,-0.000627936443861277,0.11975645036499,,,,,,,,,,,,,,,,,,,,,,,,,,,,,,,,,,,,,,
,,4040000,0.0322938742557272,-0.0448526031329521,,,,,,,,,,,,,,,,,,,,,,,,,,,,,,,,,,,,,,
,,4050000,-0.050010652493244,0.11975645036499,,,,,,,,,,,,,,,,,,,,,,,,,,,,,,,,,,,,,,
,,4060000,0.0487547796055214,0.11975645036499,,,,,,,,,,,,,,,,,,,,,,,,,,,,,,,,,,,,,,
,,4070000,-0.0170888417936556,0.11975645036499,,,,,,,,,,,,,,,,,,,,,,,,,,,,,,,,,,,,,,
,,4080000,-0.0335497471434498,0.11975645036499,,,,,,,,,,,,,,,,,,,,,,,,,,,,,,,,,,,,,,
,,4090000,0.0652156849553156,0.11975645036499,,,,,,,,,,,,,,,,,,,,,,,,,,,,,,,,,,,,,,
,,4100000,-0.050010652493244,-0.0448526031329521,,,,,,,,,,,,,,,,,,,,,,,,,,,,,,,,,,,,,,
,,4110000,0.0322938742557272,0.11975645036499,,,,,,,,,,,,,,,,,,,,,,,,,,,,,,,,,,,,,,
,,4120000,0.0322938742557272,0.11975645036499,,,,,,,,,,,,,,,,,,,,,,,,,,,,,,,,,,,,,,
,,4130000,-0.050010652493244,0.11975645036499,,,,,,,,,,,,,,,,,,,,,,,,,,,,,,,,,,,,,,
,,4140000,0.0487547796055214,0.11975645036499,,,,,,,,,,,,,,,,,,,,,,,,,,,,,,,,,,,,,,
,,4150000,-0.0335497471434498,0.11975645036499,,,,,,,,,,,,,,,,,,,,,,,,,,,,,,,,,,,,,,
,,4160000,-0.0170888417936556,0.11975645036499,,,,,,,,,,,,,,,,,,,,,,,,,,,,,,,,,,,,,,
,,4170000,0.0322938742557272,0.11975645036499,,,,,,,,,,,,,,,,,,,,,,,,,,,,,,,,,,,,,,
,,4180000,-0.050010652493244,0.11975645036499,,,,,,,,,,,,,,,,,,,,,,,,,,,,,,,,,,,,,,
,,4190000,0.0652156849553156,-0.209461656630895,,,,,,,,,,,,,,,,,,,,,,,,,,,,,,,,,,,,,,
,,4200000,-0.0335497471434498,0.613583610858818,,,,,,,,,,,,,,,,,,,,,,,,,,,,,,,,,,,,,,
,,4210000,0.0158329689059329,-0.0448526031329521,,,,,,,,,,,,,,,,,,,,,,,,,,,,,,,,,,,,,,
,,4220000,-0.000627936443861277,-0.374070710128836,,,,,,,,,,,,,,,,,,,,,,,,,,,,,,,,,,,,,,
,,4230000,0.0158329689059329,0.77819266435676,,,,,,,,,,,,,,,,,,,,,,,,,,,,,,,,,,,,,,
,,4240000,-0.000627936443861277,-0.703288817124721,,,,,,,,,,,,,,,,,,,,,,,,,,,,,,,,,,,,,,
,,4250000,0.0322938742557272,0.613583610858818,,,,,,,,,,,,,,,,,,,,,,,,,,,,,,,,,,,,,,
,,4260000,-0.0664715578430383,-0.0448526031329521,,,,,,,,,,,,,,,,,,,,,,,,,,,,,,,,,,,,,,
,,4270000,0.0487547796055214,-0.209461656630895,,,,,,,,,,,,,,,,,,,,,,,,,,,,,,,,,,,,,,
,,4280000,-0.0335497471434498,0.284365503862933,,,,,,,,,,,,,,,,,,,,,,,,,,,,,,,,,,,,,,
,,4290000,0.0322938742557272,0.11975645036499,,,,,,,,,,,,,,,,,,,,,,,,,,,,,,,,,,,,,,
,,4300000,0.0158329689059329,-0.374070710128836,,,,,,,,,,,,,,,,,,,,,,,,,,,,,,,,,,,,,,
,,4310000,-0.0170888417936556,0.942801717854702,,,,,,,,,,,,,,,,,,,,,,,,,,,,,,,,,,,,,,
,,4320000,0.0652156849553156,-0.867897870622664,,,,,,,,,,,,,,,,,,,,,,,,,,,,,,,,,,,,,,
,,4330000,-0.050010652493244,0.77819266435676,,,,,,,,,,,,,,,,,,,,,,,,,,,,,,,,,,,,,,
,,4340000,0.0158329689059329,0.11975645036499,,,,,,,,,,,,,,,,,,,,,,,,,,,,,,,,,,,,,,
,,4350000,0.0158329689059329,-0.703288817124721,,,,,,,,,,,,,,,,,,,,,,,,,,,,,,,,,,,,,,
,,4360000,-0.0170888417936556,1.10741077135264,,,,,,,,,,,,,,,,,,,,,,,,,,,,,,,,,,,,,,
,,4370000,0.0322938742557272,-0.867897870622664,,,,,,,,,,,,,,,,,,,,,,,,,,,,,,,,,,,,,,
,,4380000,-0.0335497471434498,0.448974557360875,,,,,,,,,,,,,,,,,,,,,,,,,,,,,,,,,,,,,,
,,4390000,0.0158329689059329,0.284365503862933,,,,,,,,,,,,,,,,,,,,,,,,,,,,,,,,,,,,,,
,,4400000,-0.0170888417936556,-0.703288817124721,,,,,,,,,,,,,,,,,,,,,,,,,,,,,,,,,,,,,,
,,4410000,-0.0170888417936556,1.27201982485059,,,,,,,,,,,,,,,,,,,,,,,,,,,,,,,,,,,,,,
,,4420000,0.0487547796055214,-0.538679763626779,,,,,,,,,,,,,,,,,,,,,,,,,,,,,,,,,,,,,,
,,4430000,-0.0335497471434498,0.11975645036499,,,,,,,,,,,,,,,,,,,,,,,,,,,,,,,,,,,,,,
,,4440000,0.0322938742557272,0.448974557360875,,,,,,,,,,,,,,,,,,,,,,,,,,,,,,,,,,,,,,
,,4450000,-0.0170888417936556,-0.867897870622664,,,,,,,,,,,,,,,,,,,,,,,,,,,,,,,,,,,,,,
,,4460000,-0.0170888417936556,1.10741077135264,,,,,,,,,,,,,,,,,,,,,,,,,,,,,,,,,,,,,,
,,4470000,0.0487547796055214,-0.703288817124721,,,,,,,,,,,,,,,,,,,,,,,,,,,,,,,,,,,,,,
,,4480000,-0.050010652493244,0.11975645036499,,,,,,,,,,,,,,,,,,,,,,,,,,,,,,,,,,,,,,
,,4490000,0.0322938742557272,0.613583610858818,,,,,,,,,,,,,,,,,,,,,,,,,,,,,,,,,,,,,,
,,4500000,-0.0170888417936556,-0.867897870622664,,,,,,,,,,,,,,,,,,,,,,,,,,,,,,,,,,,,,,
,,4510000,-0.000627936443861277,1.43662887834853,,,,,,,,,,,,,,,,,,,,,,,,,,,,,,,,,,,,,,
,,4520000,-0.000627936443861277,-1.03250692412061,,,,,,,,,,,,,,,,,,,,,,,,,,,,,,,,,,,,,,
,,4530000,-0.0335497471434498,0.448974557360875,,,,,,,,,,,,,,,,,,,,,,,,,,,,,,,,,,,,,,
,,4540000,0.0487547796055214,-0.0448526031329521,,,,,,,,,,,,,,,,,,,,,,,,,,,,,,,,,,,,,,
,,4550000,-0.0664715578430383,-0.209461656630895,,,,,,,,,,,,,,,,,,,,,,,,,,,,,,,,,,,,,,
,,4560000,0.0322938742557272,0.77819266435676,,,,,,,,,,,,,,,,,,,,,,,,,,,,,,,,,,,,,,
,,4570000,-0.0170888417936556,-0.867897870622664,,,,,,,,,,,,,,,,,,,,,,,,,,,,,,,,,,,,,,
,,4580000,-0.0170888417936556,0.77819266435676,,,,,,,,,,,,,,,,,,,,,,,,,,,,,,,,,,,,,,
,,4590000,0.0322938742557272,-0.209461656630895,,,,,,,,,,,,,,,,,,,,,,,,,,,,,,,,,,,,,,
,,4600000,-0.0335497471434498,-0.209461656630895,,,,,,,,,,,,,,,,,,,,,,,,,,,,,,,,,,,,,,
,,4610000,0.0322938742557272,0.77819266435676,,,,,,,,,,,,,,,,,,,,,,,,,,,,,,,,,,,,,,
,,4620000,-0.000627936443861277,-0.703288817124721,,,,,,,,,,,,,,,,,,,,,,,,,,,,,,,,,,,,,,
,,4630000,-0.0335497471434498,0.613583610858818,,,,,,,,,,,,,,,,,,,,,,,,,,,,,,,,,,,,,,
,,4640000,-0.000627936443861277,-0.209461656630895,,,,,,,,,,,,,,,,,,,,,,,,,,,,,,,,,,,,,,
,,4650000,0.0487547796055214,0.284365503862933,,,,,,,,,,,,,,,,,,,,,,,,,,,,,,,,,,,,,,
,,4660000,-0.0664715578430383,-0.209461656630895,,,,,,,,,,,,,,,,,,,,,,,,,,,,,,,,,,,,,,
,,4670000,0.0487547796055214,-0.0448526031329521,,,,,,,,,,,,,,,,,,,,,,,,,,,,,,,,,,,,,,
,,4680000,-0.0170888417936556,0.613583610858818,,,,,,,,,,,,,,,,,,,,,,,,,,,,,,,,,,,,,,
,,4690000,-0.0335497471434498,-0.703288817124721,,,,,,,,,,,,,,,,,,,,,,,,,,,,,,,,,,,,,,
,,4700000,0.0487547796055214,0.77819266435676,,,,,,,,,,,,,,,,,,,,,,,,,,,,,,,,,,,,,,
,,4710000,-0.0829324631928325,-0.209461656630895,,,,,,,,,,,,,,,,,,,,,,,,,,,,,,,,,,,,,,
,,4720000,0.0158329689059329,-0.0448526031329521,,,,,,,,,,,,,,,,,,,,,,,,,,,,,,,,,,,,,,
,,4730000,0.0652156849553156,0.613583610858818,,,,,,,,,,,,,,,,,,,,,,,,,,,,,,,,,,,,,,
,,4740000,-0.0335497471434498,-0.867897870622664,,,,,,,,,,,,,,,,,,,,,,,,,,,,,,,,,,,,,,
,,4750000,-0.000627936443861277,0.942801717854702,,,,,,,,,,,,,,,,,,,,,,,,,,,,,,,,,,,,,,
,,4760000,-0.000627936443861277,-0.374070710128836,,,,,,,,,,,,,,,,,,,,,,,,,,,,,,,,,,,,,,
,,4770000,-0.000627936443861277,0.284365503862933,,,,,,,,,,,,,,,,,,,,,,,,,,,,,,,,,,,,,,
,,4780000,0.0652156849553156,0.284365503862933,,,,,,,,,,,,,,,,,,,,,,,,,,,,,,,,,,,,,,
,,4790000,-0.0664715578430383,-0.374070710128836,,,,,,,,,,,,,,,,,,,,,,,,,,,,,,,,,,,,,,
,,4800000,0.0158329689059329,0.448974557360875,,,,,,,,,,,,,,,,,,,,,,,,,,,,,,,,,,,,,,
,,4810000,0.0322938742557272,-0.374070710128836,,,,,,,,,,,,,,,,,,,,,,,,,,,,,,,,,,,,,,
,,4820000,-0.050010652493244,0.448974557360875,,,,,,,,,,,,,,,,,,,,,,,,,,,,,,,,,,,,,,
,,4830000,0.0487547796055214,0.11975645036499,,,,,,,,,,,,,,,,,,,,,,,,,,,,,,,,,,,,,,
,,4840000,0.0158329689059329,-0.374070710128836,,,,,,,,,,,,,,,,,,,,,,,,,,,,,,,,,,,,,,
,,4850000,-0.0993933685426268,0.942801717854702,,,,,,,,,,,,,,,,,,,,,,,,,,,,,,,,,,,,,,
,,4860000,0.147520211704287,-0.703288817124721,,,,,,,,,,,,,,,,,,,,,,,,,,,,,,,,,,,,,,
,,4870000,-0.0829324631928325,0.613583610858818,,,,,,,,,,,,,,,,,,,,,,,,,,,,,,,,,,,,,,
,,4880000,-0.0170888417936556,-0.209461656630895,,,,,,,,,,,,,,,,,,,,,,,,,,,,,,,,,,,,,,
,,4890000,0.131059306354493,0.11975645036499,,,,,,,,,,,,,,,,,,,,,,,,,,,,,,,,,,,,,,
,,4900000,-0.165236989941804,0.613583610858818,,,,,,,,,,,,,,,,,,,,,,,,,,,,,,,,,,,,,,
,,4910000,0.0652156849553156,-0.703288817124721,,,,,,,,,,,,,,,,,,,,,,,,,,,,,,,,,,,,,,
,,4920000,-0.000627936443861277,0.613583610858818,,,,,,,,,,,,,,,,,,,,,,,,,,,,,,,,,,,,,,
,,4930000,-0.050010652493244,-0.209461656630895,,,,,,,,,,,,,,,,,,,,,,,,,,,,,,,,,,,,,,
,,4940000,0.0487547796055214,-0.0448526031329521,,,,,,,,,,,,,,,,,,,,,,,,,,,,,,,,,,,,,,
,,4950000,0.0322938742557272,0.613583610858818,,,,,,,,,,,,,,,,,,,,,,,,,,,,,,,,,,,,,,
,,4960000,-0.050010652493244,-0.703288817124721,,,,,,,,,,,,,,,,,,,,,,,,,,,,,,,,,,,,,,
,,4970000,0.0158329689059329,0.77819266435676,,,,,,,,,,,,,,,,,,,,,,,,,,,,,,,,,,,,,,
,,4980000,-0.0335497471434498,-0.209461656630895,,,,,,,,,,,,,,,,,,,,,,,,,,,,,,,,,,,,,,
,,4990000,0.0322938742557272,0.11975645036499,,,,,,,,,,,,,,,,,,,,,,,,,,,,,,,,,,,,,,
,,5000000,0.0322938742557272,0.11975645036499,,,,,,,,,,,,,,,,,,,,,,,,,,,,,,,,,,,,,,
,,5010000,-0.132315179242215,-0.0448526031329521,,,,,,,,,,,,,,,,,,,,,,,,,,,,,,,,,,,,,,
,,5020000,0.0816765903051099,0.11975645036499,,,,,,,,,,,,,,,,,,,,,,,,,,,,,,,,,,,,,,
,,5030000,-0.000627936443861277,0.11975645036499,,,,,,,,,,,,,,,,,,,,,,,,,,,,,,,,,,,,,,
,,5040000,-0.0170888417936556,-0.0448526031329521,,,,,,,,,,,,,,,,,,,,,,,,,,,,,,,,,,,,,,
,,5050000,0.0652156849553156,0.11975645036499,,,,,,,,,,,,,,,,,,,,,,,,,,,,,,,,,,,,,,
,,5060000,-0.050010652493244,0.11975645036499,,,,,,,,,,,,,,,,,,,,,,,,,,,,,,,,,,,,,,
,,5070000,0.0158329689059329,0.284365503862933,,,,,,,,,,,,,,,,,,,,,,,,,,,,,,,,,,,,,,
,,5080000,0.0487547796055214,-0.209461656630895,,,,,,,,,,,,,,,,,,,,,,,,,,,,,,,,,,,,,,
,,5090000,-0.115854273892421,0.613583610858818,,,,,,,,,,,,,,,,,,,,,,,,,,,,,,,,,,,,,,
,,5100000,0.114598401004698,-0.538679763626779,,,,,,,,,,,,,,,,,,,,,,,,,,,,,,,,,,,,,,
,,5110000,-0.050010652493244,0.448974557360875,,,,,,,,,,,,,,,,,,,,,,,,,,,,,,,,,,,,,,
,,5120000,-0.0170888417936556,0.284365503862933,,,,,,,,,,,,,,,,,,,,,,,,,,,,,,,,,,,,,,
,,5130000,0.0322938742557272,-0.538679763626779,,,,,,,,,,,,,,,,,,,,,,,,,,,,,,,,,,,,,,
,,5140000,0.0322938742557272,0.77819266435676,,,,,,,,,,,,,,,,,,,,,,,,,,,,,,,,,,,,,,
,,5150000,-0.050010652493244,-0.374070710128836,,,,,,,,,,,,,,,,,,,,,,,,,,,,,,,,,,,,,,
,,5160000,0.0487547796055214,0.11975645036499,,,,,,,,,,,,,,,,,,,,,,,,,,,,,,,,,,,,,,
,,5170000,-0.0335497471434498,0.284365503862933,,,,,,,,,,,,,,,,,,,,,,,,,,,,,,,,,,,,,,
,,5180000,-0.000627936443861277,-0.374070710128836,,,,,,,,,,,,,,,,,,,,,,,,,,,,,,,,,,,,,,
,,5190000,0.0322938742557272,0.77819266435676,,,,,,,,,,,,,,,,,,,,,,,,,,,,,,,,,,,,,,
,,5200000,-0.0170888417936556,-0.867897870622664,,,,,,,,,,,,,,,,,,,,,,,,,,,,,,,,,,,,,,
,,5210000,0.0158329689059329,0.613583610858818,,,,,,,,,,,,,,,,,,,,,,,,,,,,,,,,,,,,,,
,,5220000,0.0158329689059329,0.11975645036499,,,,,,,,,,,,,,,,,,,,,,,,,,,,,,,,,,,,,,
,,5230000,-0.0664715578430383,-0.867897870622664,,,,,,,,,,,,,,,,,,,,,,,,,,,,,,,,,,,,,,
,,5240000,0.0816765903051099,1.60123793184647,,,,,,,,,,,,,,,,,,,,,,,,,,,,,,,,,,,,,,
,,5250000,-0.0170888417936556,-1.52633408461443,,,,,,,,,,,,,,,,,,,,,,,,,,,,,,,,,,,,,,
,,5260000,0.0981374956549042,0.942801717854702,,,,,,,,,,,,,,,,,,,,,,,,,,,,,,,,,,,,,,
,,5270000,-0.115854273892421,0.11975645036499,,,,,,,,,,,,,,,,,,,,,,,,,,,,,,,,,,,,,,
,,5280000,0.0322938742557272,-0.538679763626779,,,,,,,,,,,,,,,,,,,,,,,,,,,,,,,,,,,,,,
,,5290000,0.0487547796055214,0.942801717854702,,,,,,,,,,,,,,,,,,,,,,,,,,,,,,,,,,,,,,
,,5300000,-0.0335497471434498,-0.538679763626779,,,,,,,,,,,,,,,,,,,,,,,,,,,,,,,,,,,,,,
,,5310000,0.0322938742557272,0.284365503862933,,,,,,,,,,,,,,,,,,,,,,,,,,,,,,,,,,,,,,
,,5320000,0.0487547796055214,-0.0448526031329521,,,,,,,,,,,,,,,,,,,,,,,,,,,,,,,,,,,,,,
,,5330000,-0.0993933685426268,-0.209461656630895,,,,,,,,,,,,,,,,,,,,,,,,,,,,,,,,,,,,,,
,,5340000,0.147520211704287,0.613583610858818,,,,,,,,,,,,,,,,,,,,,,,,,,,,,,,,,,,,,,
,,5350000,-0.115854273892421,-0.538679763626779,,,,,,,,,,,,,,,,,,,,,,,,,,,,,,,,,,,,,,
,,5360000,0.0322938742557272,0.448974557360875,,,,,,,,,,,,,,,,,,,,,,,,,,,,,,,,,,,,,,
,,5370000,0.0981374956549042,-0.0448526031329521,,,,,,,,,,,,,,,,,,,,,,,,,,,,,,,,,,,,,,
,,5380000,-0.132315179242215,-0.374070710128836,,,,,,,,,,,,,,,,,,,,,,,,,,,,,,,,,,,,,,
,,5390000,0.147520211704287,0.942801717854702,,,,,,,,,,,,,,,,,,,,,,,,,,,,,,,,,,,,,,
,,5400000,-0.0664715578430383,-1.03250692412061,,,,,,,,,,,,,,,,,,,,,,,,,,,,,,,,,,,,,,
,,5410000,-0.0335497471434498,0.942801717854702,,,,,,,,,,,,,,,,,,,,,,,,,,,,,,,,,,,,,,
,,5420000,0.131059306354493,-0.538679763626779,,,,,,,,,,,,,,,,,,,,,,,,,,,,,,,,,,,,,,
,,5430000,-0.198158800641392,0.448974557360875,,,,,,,,,,,,,,,,,,,,,,,,,,,,,,,,,,,,,,
,,5440000,0.163981117054081,0.448974557360875,,,,,,,,,,,,,,,,,,,,,,,,,,,,,,,,,,,,,,
,,5450000,-0.0664715578430383,-0.703288817124721,,,,,,,,,,,,,,,,,,,,,,,,,,,,,,,,,,,,,,
,,5460000,-0.0664715578430383,1.10741077135264,,,,,,,,,,,,,,,,,,,,,,,,,,,,,,,,,,,,,,
,,5470000,0.131059306354493,-1.03250692412061,,,,,,,,,,,,,,,,,,,,,,,,,,,,,,,,,,,,,,
,,5480000,-0.181697895291598,0.942801717854702,,,,,,,,,,,,,,,,,,,,,,,,,,,,,,,,,,,,,,
,,5490000,0.0322938742557272,-0.0448526031329521,,,,,,,,,,,,,,,,,,,,,,,,,,,,,,,,,,,,,,
,,5500000,0.163981117054081,-0.374070710128836,,,,,,,,,,,,,,,,,,,,,,,,,,,,,,,,,,,,,,
,,5510000,-0.214619705991186,1.10741077135264,,,,,,,,,,,,,,,,,,,,,,,,,,,,,,,,,,,,,,
,,5520000,0.229824738453258,-0.867897870622664,,,,,,,,,,,,,,,,,,,,,,,,,,,,,,,,,,,,,,
